transaction_id,customer_id,amount,transaction_date,region
TXN-001562,CUST-00288,1250.06,2024-08-25,N
TXN-000039,CUST-00493,101.01,2024-12-25,South
TXN-000423,CUST-00386,150.10,2024-02-18,West
TXN-004454,CUST-00035,113.13,2024-07-21,South
TXN-001040,CUST-00425,19.26,2024-08-02,East
TXN-000682,CUST-00040,468.50,2024-02-21,West
TXN-000719,CUST-00417,33.70,2025-05-27,Central
TXN-003067,CUST-00219,198.77,2025-10-06,West
TXN-002139,CUST-00198,337.05,2025-04-14,North
TXN-004236,CUST-00468,46.06,2024-01-09, East
TXN-000761,CUST-00260,34.28,2024-02-13,East
TXN-000084,CUST-00085,173.68,2025-07-07,West
TXN-001270,CUST-00148 ,30.20,2025-10-07,North
TXN-001720,CUST-00086,223.22,2024-02-07,West
TXN-000629,CUST-00252,1187.99,2025-08-02,North
TXN-004320,CUST-00273,99.00,2025-08-29,North
TXN-000843,CUST-00353,945.05,2025-05-08,South
TXN-001739,CUST-00378,279.78,2025-04-14,Central
TXN-002795,CUST-00310,43.27,2025-08-03,Central
TXN-002547,CUST-00319,1079.16,2025-08-08,East
TXN-004151,CUST-00298,172.06,2025-09-03,North
TXN-003999,CUST-00076,62.58,2025-01-07,east
TXN-002825,CUST-00307,100.44,2024-11-19,Central
TXN-002816,CUST-00012,84.31,2024-09-29,South
TXN-002535,CUST-00411,936.04,2025-07-31,Central
TXN-003179,CUST-00295,620.08,2025-12-27,Central
TXN-001474,CUST-403,362.67,2024-03-16,East
TXN-003874,CUST-00031,1134.74,2024-01-24,East
TXN-004866,CUST-00275,198.15,2025-07-22,North
TXN-001549,CUST-00076,354.35,2025-01-30,East
TXN-002390,CUST-00191,169.29,2024-01-16,West
TXN-003926, CUST-00110,179.55,2024-02-01,South
TXN-002442,CUST-00116,230.27,2024-01-07,East
TXN-001357,CUST-00066,114.27,2025-02-12,South
TXN-002304,CUST-00022,30.77,2025-03-11,South
TXN-002451,CUST-00351,44.46,2025-08-14,Central
TXN-000489,CUST-00273,1268.51,2025-01-05,North
TXN-001802,CUST-00168,137.89,2025-03-06,West
TXN-002009,CUST-00480,857.57,2024-07-17,North
TXN-000367,CUST-00009,45.19,2024-06-07,South
TXN-001467,CUST-00498,167.64,2025-01-07,West
TXN-001876,CUST-00490,324.05,2024-03-23,East
TXN-000634,cust-00184,90.94,2025-01-20,South
TXN-001883,CUST-00121,560.71,2025-01-17,West
TXN-001975,CUST-00434,40.22,2025-07-16,South
TXN-001920,CUST-00466,92.73,21/10/2025,East
TXN-004655,CUST-00488,111.12,2025-11-24,East
TXN-002996,CUST-00219,19.25,2024-06-22,West
TXN-001452,CUST-00344,252.03,2024-12-29,North
TXN-000622,CUST-00210,503.11,2024-02-04,North
TXN-001228,CUST-00271,788.38,2024-04-01,South
TXN-003202,CUST-00412,627.19,2025-02-12,South
TXN-002527,CUST-00076,419.09,2024-03-02,East
TXN-001516,CUST-00143,891.41,2025-11-15,North
TXN-004095,CUST-00411,171.20,2025-04-11,Central
TXN-003261,CUST-00103,190.11,2025-03-17,West
TXN-002571,CUST-00154,26.94,2025-12-01,Central
TXN-003472,CUST-00424,98.68,2024-08-05,South
TXN-001348,CUST-00010,36.38,2024-09-05,East
TXN-000744,CUST-00398,318.59,2025-11-14,Central
TXN-000222,CUST-00064,758.72,2025-09-11,West
TXN-000023,cust-00446,110.12,2024-09-29,West
TXN-004169,CUST-00396,770.24,2025-08-23,West
TXN-000997,CUST-00354,496.68,2025-12-20,North
TXN-004979,CUST-00040,356.15,2025-01-03,north
TXN-001104,CUST-00342,125.94,2025-01-16,East
TXN-001049,CUST-00334,1018.31,2024-11-27,West
TXN-004981,CUST-00007,23.59,2025-11-14,Central
TXN-003642,CUST-00444,102.91,2025-03-13,West
TXN-001042,CUST-00425,27.79,2024-11-20,East
TXN-002719,CUST-00004,91.90,2024-02-03,Central
TXN-004111,CUST-93453,39.64,2025-03-05,Central
TXN-001135,CUST-00146,19.24,2024-07-16,Central
TXN-004989,CUST-00484,224.25,2025-06-27,South
TXN-002452,CUST-00099,92.35,2024-03-08,Central
TXN-004174,CUST-00335,29.92,2024-08-04,West
TXN-003701,CUST-00223,16.39,2024-10-08,west
TXN-000854,CUST-00500,1149.46,2025-03-11,East
TXN-000714,CUST-00221,456.71,2025-03-12,North
TXN-003522,CUST-00080,518.94,2025-12-21,East
TXN-002548,CUST-00035,90.52,2024-06-11,South 
TXN-000532,CUST-00074,42.91,2025-03-25,Central
TXN-003713,CUST-00065,116.07,2025-10-17,North
TXN-001997,CUST-00384,19.73,2025-10-04,South
TXN-003168,CUST-00116,109.19,2024-05-10,East
TXN-001879,CUST-00474,148.31,2025-07-16,South
TXN-004586,CUST-00225,49.92,2024-06-21,Central
TXN-000963,CUST-00234,15.85,2025-10-18,East
TXN-002763,CUST-00282,259.79,2024-10-12,Central
TXN-003043,CUST-00476,125.04,2025-05-07,North
TXN-000897,CUST-00141,20.00,2024-02-10,East
TXN-001065,CUST-00126,978.71,2025-08-28,Central
TXN-004892,CUST-00170,307.73,2024-07-22,South
TXN-001191,CUST-00045,337.81,2025-12-17,West
TXN-001888,CUST-00333,701.93,2024-08-04,
TXN-004851,CUST-00156,55.26,2024-06-03,north
TXN-004277,CUST-00007,256.50,2024-10-11,Central
TXN-001254,CUST-00372,512.60,2025-06-16,West
TXN-002791,CUST-00210,104.63,2024-03-19,North
TXN-002780,CUST-00158,50.70,2024-02-08,West
TXN-001198,CUST-00420,686.36,2024-10-20,North
TXN-000458,CUST-00026,64.81,2024-02-26,East
TXN-003569,CUST-00085,106.45,2025-07-25,West
TXN-002808,CUST-00387,21.94,2025-07-01,North
TXN-002515,CUST-00414,1435.33,2024-02-23,North
TXN-001494,CUST-00061,269.66,2025-11-17,North
TXN-002980,CUST-00364,108.39,2025-02-01,South
TXN-002922,CUST-00204,53.90,2025-06-03,South
TXN-004739,CUST-00108,41.52,2025-11-29,East
TXN-000607,CUST-00495,1026.31,2024-04-01,South
TXN-001965,CUST-00074,307.78,2025-12-27,Central
TXN-004399,CUST-00027,45.98,2024-01-30,East
TXN-000968,CUST-00177,245.96,2025-09-24,North
TXN-004831,CUST-00078,513.03,2025-07-05,Central
TXN-004825,CUST-00300,134.39,2025-11-14,West
TXN-003409,CUST-00264,287.18,2024-05-07,Central
TXN-001651,CUST-00153,62.80,2025-10-27,East
TXN-003353,CUST-00055,544.22,2024-05-18,West
TXN-003464,CUST-00464,203.53,2024-11-27,SOUTH
TXN-004718,CUST-00402,95.31,2025-10-14,Central
TXN-001958,CUST-00177,498.39,2024-04-04,North
TXN-004517,CUST-00495,33.35,2024-12-07,South
TXN-004512,CUST-00059,845.49,2025-05-06,Central
TXN-003455,CUST-00104,113.78,2025-01-30,West
TXN-002733,CUST-00440,81.99,2024-02-04,S
TXN-002245,CUST-00174,97.22,2024-10-05,South
TXN-001238,CUST-00417,507.42,2025-01-03,Central
TXN-004431,CUST-00226,391.04,2024-05-18,West
TXN-004542,CUST-00226,495.97,2024-06-19,West
TXN-000746,CUST-00282,75.81,2025-06-21,Central
TXN-003809,CUST-00145,44.72,2025-09-11,Central
TXN-002668,CUST-00046,442.70,2025-10-28,North
TXN-004573,CUST-00484,88.38,2024-12-16,South
TXN-004271,CUST-00444,40.06,2025-05-13,West
TXN-004313,CUST-00176,157.84,2024-10-15,North
TXN-003281,CUST-00020,1119.44,2025-07-23,West
TXN-001320,CUST-00015,996.66,2024-12-22,
TXN-000710,CUST-00406,1237.80,2025-09-18,Central
TXN-003896,CUST-00080,463.48,2025-04-24,East
TXN-002039,CUST-00317,735.90,2024-04-04,South
TXN-004336,CUST-00471,206.70,2025-07-17,central
TXN-003088,CUST-00013,73.38,2024-10-17,North
TXN-001618,CUST-00038,376.02,2025-03-31,South
TXN-003830,CUST-00040,94.20,2024-02-04,North
TXN-000361,CUST-00054,85.71,2025-11-24,SOUTH
TXN-004417,CUST-00103,478.83,2025-07-08,West
TXN-001892,CUST-00349,195.38,2025-03-02,East
TXN-000645,CUST-00401,15.95,2025-06-20,Central
TXN-002419,CUST-00398,190.62,2024-03-23,Central
TXN-002880,CUST-00273,54.31,2025-08-19,North
TXN-002916,CUST-00042,32.08,2025-10-27,WEST
TXN-002800,cust-00022,50.60,2024-12-13,South
TXN-000813,CUST-00420,201.29,2024-12-19,North
TXN-003643,CUST-00012,36.22,2025-10-12,south
TXN-002410,CUST-00335,494.64,2024-01-18,West
TXN-000954,CUST-00310,39.25,2024-03-18,Central
TXN-003587,CUST-00044,214.25,2024-05-03,East
TXN-000217,CUST-00014,45.79,2025-10-26,West
TXN-004281,CUST-00406,450.92,2024-12-11,Central
TXN-001174,CUST-00119,47.95,2024-04-30,East
TXN-004527,CUST-00074,541.73,2025-01-21,Central
TXN-003194,CUST-00075,110.96,2024-10-21,West
TXN-004514,CUST-00131,148.60,2024-08-13,East
TXN-003657,CUST-00233,819.03,2025-05-06,South
TXN-002848,cust-00252,37.58,2025-05-24,North
TXN-004291,cust-00353,997.67,2024-12-29,South
TXN-002319,CUST-00288,,2025-07-29,North
TXN-003963,CUST-00085,73.97,2024-10-09,West
TXN-001914,CUST-00055,1169.17,2025-06-09,West
TXN-001509,CUST-00388,532.21,2025-09-16,west
TXN-004183,CUST-00411,18.41,2024-03-11,Central
TXN-004005,CUST-00103,48.76,2024-04-09,West
TXN-002627,CUST-00277,126.92,2025-11-08,Central 
TXN-003356,CUST-00085,1304.24,2025-05-02,West
TXN-002545,CUST-00301,1425.66,2025-11-02,East
TXN-002674,CUST-00353,373.84,2024-02-12,South
TXN-000281,CUST-00143,112.12,2025-12-30,North
TXN-004952,CUST-00387,711.79,2024-05-17,North
TXN-002140,CUST-00428,87.27,2025-07-18,West
TXN-000330,CUST-00243,236.69,2025-02-02,West
TXN-003911,CUST-00413,49.64,2025-07-19,South
TXN-003686,CUST-00078,72.25 USD,2024-07-22,Central
TXN-004693,CUST-00020,57.20,2025-12-24,South
TXN-003923,CUST-00192,675.84,2024-07-25,North
TXN-001578,CUST-00244,507.23,2025-03-08,North
TXN-000866,CUST-00133,,2025-07-05,Central
TXN-000965,CUST-00236,49.76,2024-04-19,West
TXN-001910,CUST-00048,91.82,2024-09-25,East
TXN-003430,CUST-00069,1395.25,2025-10-09,South
TXN-000197,CUST-00103,287.81,2025-12-23,West
TXN-000893,CUST-00197,20.64,2025-01-12,East
TXN-003785,CUST-00214,48.18,2024-06-06,South
TXN-000052,CUST-00076,55.72,2025-10-09,East
TXN-000482,CUST-00322,488.96,2024-11-13,Central
TXN-004342,CUST-00306,370.72,2024-01-30,Central
TXN-004415,cust-00288,213.66,2025-06-05,North
TXN-003233,CUST-00121,548.17,2025-06-28,West
TXN-004999,CUST-00469,116.69,2024-02-23,Central
TXN-004623,CUST-00413,1439.93,2025-11-25,South
TXN-003737,CUST-00043,517.66,2024-12-31,West
TXN-000014,CUST-00447,221.51,2025-02-10,Central
TXN-002252,CUST-00180,45.26,2025-07-31,CENTRAL
TXN-003317,CUST-00268,1249.04,2025-06-17,West
TXN-002214,CUST-00094,129.89,2025-07-08,Central
TXN-000210,CUST-00110,19.53,2025-11-30,South
TXN-002861,CUST-00299,34.29,2025-03-07,West
TXN-002658,CUST-00310,975.05,2025-08-21,Central
TXN-001596,CUST-00066,200.68,2024-10-03,South
TXN-002202,CUST-00290,38.80,2025-06-19,West
TXN-001680,CUST-00444,216.65,2024-11-08,West
TXN-003723,CUST-00126,246.73,2024-10-09,Central
TXN-002248,CUST-00126,41.78,2024-07-20,C
TXN-004914,CUST-00247,18.11,2024-05-28,Central
TXN-004318,CUST-00452,232.89,2024-02-04,East
TXN-003200,CUST-00347,160.25,2024-10-05,West
TXN-004775,CUST-00080,185.00,2025-02-18,East
TXN-003040,CUST-00419,62.28,2025-07-20,West
TXN-002814,CUST-00074,501.50,2025-02-20,Central
TXN-000080,CUST-00085,81.39,2025-01-25,West
TXN-000890,CUST-00288,242.00,2025-01-04,North
TXN-004668,CUST-00112,453.64,2024-04-05,East
TXN-004223,CUST-00083,144.50,2025-08-10,Central
TXN-000063,CUST-00343,832.22,2024-09-19,Central 
TXN-004968,CUST-00288,17.27,2025-07-28,North
TXN-001554,CUST-00129,29.61,2025-08-30,Central
TXN-003513,CUST-00009,276.39,2025-12-04,South
TXN-002982,CUST-00324,213.97,2025-05-28,South
TXN-004917,CUST-00120,234.29,2024-11-30,North
TXN-000162,CUST-00420,19.40,2024-04-11,North
TXN-000280,CUST-00110,171.42,2025-11-23,South
TXN-000289,CUST-00040,503.53,2024-05-11,North
TXN-002929,CUST-00094,,2024-05-02,Central
TXN-003025,CUST-00259,143.78,2025-04-11,Central
TXN-003278,CUST-00063,220.01,2025-05-29,North
TXN-001056,CUST-00324,477.23,2025-04-24,South
TXN-003320,CUST-00292,35.94,2025-02-21,south
TXN-003015,CUST-00080,517.24,2024-11-05,East
TXN-003805,CUST-00489,113.17,2024-01-20,East 
TXN-001215,CUST-00056,114.11,2024-01-06,Central
TXN-004149,CUST-00344,876.53,2024-06-04,East
TXN-002851,CUST-00043,582.32,2025-09-28,West
TXN-001553,CUST-00420,47.44,2025-02-23,North
TXN-000850,CUST-00259,21.80,2024-05-31,South
TXN-000974,CUST-00470,213.94,2025-02-28,North
TXN-002923,CUST-00481,126.23,2024-01-09,South
TXN-000582,CUST-00210,158.92,2025-03-17,North
TXN-002984,CUST-00122,24.72,2025-04-16,West
TXN-004009,CUST-00053,227.53,2025-03-27,North
TXN-004890,CUST-00127,68.34,2024-03-06,West
TXN-000268,CUST-00363,987.60,2024-10-08,West
TXN-001912,CUST-00245,238.97,16/01/2025,South
TXN-004987,CUST-00357,528.05,2025-12-01,North
TXN-003363,CUST-00481,76.48,2024-10-02,South
TXN-000117,CUST-00306,52.89,2024-01-06,Central
TXN-002284,CUST-96943,303.79,2024-01-08,West
TXN-001581,CUST-00374,43.78,2025-03-22,North
TXN-004824,CUST-00468,328.75,2024-02-27,east
TXN-002440,CUST-00444,60.83,2024-06-30,West
TXN-001869,cust-00418,496.35,2025-04-30,East
TXN-004840,CUST-00103,202.60,22/05/2025,West
TXN-003940,CUST-00006,76.83,2025-02-15,East
TXN-000464,CUST-00266,512.36,2024-05-07,Central
TXN-001621,CUST-00143,124.55,2025-01-15,North
TXN-004643,CUST-00116,116.86,2024-01-08,East
TXN-003470,CUST-00017,114.76,2025-12-28,East
TXN-002270,CUST-00118,456.04,2025-07-07,North
TXN-002437,CUST-00074,34.44,2024-03-09,Central
TXN-003528,CUST-00260,195.25,2025-12-09,East
TXN-001851,CUST-00310,115.41,2025-07-22,Central
TXN-003072,CUST-00240,535.97,2024-11-28,South
TXN-000781,CUST-00288,35.24,2024-04-30, North
TXN-002056,CUST-00061,180.06,2024-08-01,North
TXN-000736,CUST-00444,27.19,2025-10-14,West
TXN-003437,CUST-00259,328.57,2024-12-27,Central
TXN-003485,CUST-00177,243.21,2024-07-15,North
TXN-003207,CUST-00199,37.54,2024-07-04,Central
TXN-000557,CUST-00405,134.82,2024-10-08,South
TXN-003651,CUST-00051,105.84,2024-11-08,East
TXN-002575,CUST-00012,33.59,2025-06-03,South
TXN-002741,CUST-00061,188.82,2024-02-19,North
TXN-000318,CUST-00379,114.16,2025-06-02,East
TXN-000829,CUST-00424,44.32,2024-12-09,South
TXN-002121,CUST-00444,330.94,2025-09-25,West
TXN-003751,CUST-00043,18.34,2024-11-30,West
TXN-002456,CUST-00015,289.62,2024-04-06,East
TXN-004382,CUST-00054,25.34,2025-09-04,South
TXN-002206,CUST-00306,43.72,2024-08-31,Central
TXN-003442,CUST-00205,25.90,,Central
TXN-001616,CUST-00210,35.35,2024-09-29,North
TXN-002655,CUST-00159,521.10,2024-06-26, North
TXN-001913,CUST-00272,151.72,2025-09-13,East
TXN-003795,CUST-00126,109.70,2025-12-21,Central
TXN-001189, CUST-00043,179.96,2025-11-29,West
TXN-003568,CUST-00345,31.99,2025-12-11,West
TXN-004445,CUST-00444,209.72,2024-03-20,West
TXN-004711,CUST-00201,1150.65,2024-11-26,South
TXN-002585,CUST-00287,356.38,2024-12-30,West
TXN-001417,CUST-00401,555.41,2024-10-31,Central
TXN-004452,CUST-00495,250.54,2025-04-12,South
TXN-003718,CUST-00369,108.46,2024-07-12,West
TXN-000352,CUST-00060,977.42,2025-07-20,North
TXN-002638,CUST-00142,91.17,2024-11-11,Central
TXN-003446,CUST-00471,85.20,2025-05-09,Central
TXN-000900,CUST-90364,52.77,2024-09-04,East
TXN-001465,CUST-00158,851.01,2025-09-04,North
TXN-000971,CUST-00379,243.13,2024-11-04,East 
TXN-001585,CUST-00444,34.31,2025-07-11,West
TXN-000707,CUST-00085,459.42,2024-03-23,West
TXN-001446,CUST-00102,16.12,2024-02-03,East
TXN-000933,CUST-00056,21.89,2024-11-14,Central
TXN-000062, CUST-00344,59.11,2025-10-03,East
TXN-001519,CUST-00354,38.40,2025-10-28,North
TXN-000422,CUST-00202,22.07,2025-04-19,East
TXN-001455,CUST-00379,83.45,2024-12-27,East
TXN-003876,CUST-00043,235.08,2025-06-28,West
TXN-001214,CUST-00136,39.09,2025-11-08,West
TXN-000529,CUST-00193,40.07,2024-02-17,North
TXN-003750,CUST-00444,81.49,2025-03-13,West
TXN-002586,CUST-00076,310.13,2025-04-26,East
TXN-001094,CUST-00493,423.64,2025-06-07,South
TXN-004789,CUST-00341,75.79,2024-01-24,South
TXN-002163,CUST-00167,318.66,2024-06-17,CENTRAL
TXN-001934,CUST-00139,30.46,2025-02-22,South
TXN-001077,CUST-00138,240.30,2025-12-06,North
TXN-004430,CUST-00224,26.17,2024-03-27,West
TXN-000362,CUST-00433,433.25,2024-06-11,South
TXN-002769,CUST-00328,192.25,2024-12-25,East
TXN-000484,CUST-00448,1404.81,2025-07-01,East
TXN-001158,CUST-00156,165.08,2024-11-27,North
TXN-004780,CUST-00231,1354.34,2024-10-07,East
TXN-000141,CUST-00397,1312.65,2025-10-14,East
TXN-003964,CUST-00063,61.12,2025-05-09,North
TXN-004854,CUST-00500,44.56,2025-03-17,EAST
TXN-002609,CUST-00333,556.66,2025-10-21,
TXN-003385,CUST-00121,61.39,2024-09-10,West
TXN-002508,CUST-00106,97.29,2024-06-01,east
TXN-004659,CUST-00066,335.83,2025-09-14, South
TXN-000220,CUST-00500,317.23,2024-09-27,East
TXN-002907,CUST-00415,936.47,2025-10-24,West
TXN-004225,CUST-00121,535.45,2025-02-07,West
TXN-000956,CUST-00200,530.84,2024-07-09,North
TXN-000444,CUST-00248,230.62,2024-01-03,South
TXN-002181,CUST-00216,242.90,2025-06-24,North
TXN-000400,CUST-00457,532.73,2025-11-04,West
TXN-004877,CUST-00021,43.48,2025-03-12,East
TXN-000741,CUST-00381,51.28,2024-09-20,Central
TXN-002512,CUST-00116,29.87,2024-06-01, East
TXN-002502,CUST-00205,417.32,2025-03-19,Central
TXN-000232,CUST-00226,118.67,2025-10-18,West
TXN-002558,CUST-00467,689.67,2024-10-12,South
TXN-003098,CUST-00390,$1222.26,2024-10-23,South
TXN-003329,CUST-00048,560.07,2024-10-18,East
TXN-004293,CUST-00166,537.71,2025-05-01,North
TXN-001793,CUST-00309,1013.45,2025-06-04,North
TXN-004078,CUST-00278,23.09,2024-09-26,Central 
TXN-001799,CUST-00288,243.28,2025-05-03,North
TXN-002671,CUST-00235,43.67,2025-01-14,North
TXN-001051,CUST-00199,150.47,2025-01-30,Central
TXN-001110,CUST-00320,435.87,2024-08-18,West
TXN-000530,CUST-00314,529.62,2024-07-04,East
TXN-004941,CUST-00470,568.69,2024-05-28,North
TXN-000131,CUST-00282,652.24,2025-08-15,C
TXN-001878,CUST-00259,544.20,2025-12-15,Central
TXN-001186,CUST-00420,,2025-07-06,North
TXN-001059,CUST-00307,221.26,2024-02-04,Central
TXN-004694,CUST-00138,40.16,2025-01-19,North
TXN-002661,CUST-00306,147.58,2025-02-05,Central
TXN-002754,CUST-00036,79.10,2025-03-16,South
TXN-003395,CUST-00040,255.32,2024-03-15,North
TXN-000077,CUST-00456,166.91,2024-01-20,West
TXN-002676,CUST-00312,566.86,2025-04-25,Central
TXN-001555,CUST-00115,17.31,2025-09-22,Central
TXN-003441,CUST-00402,1221.49,2024-11-19,North
TXN-001347,CUST-00085,33.62,2024-08-15,West
TXN-001146,CUST-00286,766.88,2024-07-27,West
TXN-004217,CUST-00473,536.04,2024-10-14,WEST
TXN-000865,CUST-00219,23.86,2024-03-15,West
TXN-004485,CUST-00320,98.74,2024-10-31,West
TXN-001617,CUST-00156,463.05,2024-09-17,North
TXN-003644,CUST-00214,27.47,2024-09-09,South
TXN-004683,CUST-00500,178.69,2025-04-20,East
TXN-003343,CUST-00093,1185.14,2024-03-05,South
TXN-000916,CUST-00481,518.74,2024-03-09,South
TXN-001527,CUST-00364,118.21,2025-12-29,South
TXN-001358,CUST-00324,1202.13,2025-04-16,South
TXN-002389,CUST-00477,89.45,2024-08-24,North
TXN-000584,CUST-00272,16.32,2025-11-10,East
TXN-004552,CUST-00071,191.26,2025-02-16,East
TXN-002770,CUST-00122,221.91,2024-11-07,West
TXN-004061,CUST-00367,223.33,2024-05-15,North
TXN-001919,CUST-00317,84.85,2025-02-14,South
TXN-000382,CUST-00226,37.56,2024-07-28,West
TXN-002175,CUST-00184,29.74,2025-04-08,South
TXN-001788,CUST-00365,34.57,2024-08-29,West
TXN-001985,CUST-00184,74.95,2025-09-27,South
TXN-003147,CUST-00448,224.45,2025-11-17,East
TXN-001535,CUST-00116,35.79,2024-07-28,East
TXN-002855,CUST-00081,78.23,2025-06-27,North
TXN-000398,CUST-00272,90.40,2024-09-14,East
TXN-004254,CUST-00143,784.89,2024-10-01,North
TXN-003029,CUST-00452,52.91,2025-09-14,East
TXN-000148,CUST-00159,258.23,2024-04-04,North
TXN-000344,CUST-00445,46.88,2025-02-04,South
TXN-002764,CUST-00022,35.40,2024-08-25,South
TXN-003633,CUST-00272,104.83,2024-09-22,East
TXN-003131,CUST-00324,1260.38,2024-02-02,South
TXN-004191,CUST-00038,744.33,2024-03-14,South
TXN-000414,CUST-00214,-25.98,2025-06-23,South
TXN-000500,CUST-00100,1259.99,2024-10-02,North
TXN-003164,CUST-00328,167.14,2025-05-10,East
TXN-003778,CUST-00178,29.97,2025-07-14,West
TXN-002048,CUST-00035,314.29,2025-12-08,South
TXN-001376,CUST-00492,76.76,2025-06-01,Central
TXN-002210,CUST-00483,212.49,2024-06-16,South
TXN-001792,CUST-00440,742.08,2025-05-06,South
TXN-001318,CUST-00295,38.11,2024-12-11,Central
TXN-001597,CUST-00126,48.39,2025-07-08,Central
TXN-001250,CUST-00414,217.53,2025-08-22,North
TXN-004812,CUST-00276,198.27,2025-11-12,West
TXN-002767,CUST-00410,80.14,2024-06-06,Central
TXN-001021,CUST-00250,67.69,2024-11-14,east
TXN-004128,CUST-00359,78.96,2025-03-04,West
TXN-000929,CUST-00414,617.43,2024-08-16,North
TXN-003051,CUST-00324,127.35,2025-01-24,South
TXN-000315,CUST-00431,191.64,2024-09-02,North
TXN-001873,CUST-00414,,2025-03-01,North
TXN-002350,CUST-00082,309.70,2025-08-18,East
TXN-000951,CUST-00159,583.13,2025-03-27,North
TXN-000832,CUST-00460,293.46,2025-02-18,South
TXN-002320,CUST-00044,225.67,2025-07-03,East
TXN-004681,CUST-00420,382.41,2025-02-06,north
TXN-002137,CUST-00481,35.38,2024-02-13,South
TXN-003064,CUST-00085,308.02,2025-12-22,West
TXN-002949,CUST-00079,566.12,2024-04-18,South
TXN-000879,CUST-00043,459.64,2024-05-30,West
TXN-003566,CUST-00118,50.48,2025-12-12,North
TXN-004259,CUST-00360,$147.07,2024-10-25,South
TXN-002746,CUST-00066,101.31,2025-02-19,South
TXN-004335,CUST-00324,104.53,2024-09-08,South
TXN-002750,CUST-00418,78.57,2024-05-29,East
TXN-004457,CUST-00408,1385.95,2024-12-19,South
TXN-004614,CUST-00134,225.97,2024-01-05,East
TXN-002796,CUST-00300,57.41,2025-07-14,West
TXN-004908,CUST-00410,243.38,2025-02-28,Central
TXN-004001,CUST-00329,315.92,2025-08-02,South
TXN-000309,CUST-00058,90.34,2024-06-07,North
TXN-001287,CUST-00444,54.12,2025-01-30,West
TXN-000657,CUST-00420,78.58,2024-08-12,North
TXN-000894,CUST-00411,26.28,2024-06-04,Central
TXN-004506,CUST-00147,166.89,2025-04-06,South
TXN-003753,CUST-00351,99.57,2024-02-29,Central
TXN-004164,CUST-00100,813.51,2025-05-29,South
TXN-000011,CUST-00121,73.54,2025-10-28,West
TXN-001168,CUST-00500,562.36,2025-04-24,East
TXN-002249,CUST-00028,162.27,2024-04-13,East
TXN-002076,CUST-00238,102.40,2024-11-21,East
TXN-001625,CUST-00121,228.68,2024-07-04,WEST
TXN-004576,CUST-00455,31.50,2025-07-14,South
TXN-001611,CUST-00184,1157.88,2024-11-13,South
TXN-004603,CUST-00175,155.94,2024-01-31,East
TXN-000194,CUST-00365,126.11,2025-02-22, West
TXN-003997,CUST-00040,243.90,2024-10-16,North
TXN-004929,CUST-00085,91.22,2025-08-15,West
TXN-002387,CUST-00299,606.10,2024-11-19,West
TXN-001608,CUST-00457,1256.83,2024-05-05,West
TXN-001290,CUST-00103,320.90,2025-01-11,West
TXN-002986,CUST-00356,40.76,2024-06-26,West
TXN-000651,CUST-00007,$1066.86,2025-11-19,Central
TXN-000985,CUST-00358,513.30,2024-02-10,South
TXN-000031,CUST-00110,890.21,2024-08-02,SOUTH
TXN-001674,CUST-00098,138.39,2024-10-27,E
TXN-003862,CUST-00126,1400.35,2025-02-01,Central
TXN-000288,CUST-00054,308.13,2025-02-10,South
TXN-000586,CUST-00115,75.68,2025-01-12,Central
TXN-003220,CUST-64,622.61,2024-05-29,West
TXN-003914,CUST-00315,35.77 USD,2025-08-16,South
TXN-004725,CUST-00453,53.51,2025-02-22,West
TXN-000386,CUST-00282,54.47,2025-01-23,Central
TXN-003111,CUST-00141,675.06,2024-03-06,East
TXN-004884,CUST-00276,15.77,2025-07-01,South
TXN-000187,CUST-00013,132.20,2024-06-13,N
TXN-003822,CUST-00438,421.86,2024-10-21,North
TXN-004363,CUST-00024,250.59,2025-03-01,East
TXN-004895,CUST-00313,57.81,2025-06-14,central
TXN-001646,CUST-00418,101.03,2024-04-16,Central
TXN-002602,CUST-00254,854.21,2025-06-24,Central
TXN-003195,CUST-00457,105.49,2024-06-03,West
TXN-003127,CUST-00420,536.34,2025-01-08,North
TXN-000005,CUST-304,1246.91,2024-06-24,North
TXN-001586,CUST-00261,519.14,2024-03-14,East
TXN-000641,CUST-00464,1138.57,2025-04-22,South
TXN-002108,CUST-00260,812.12,2024-07-14,East
TXN-003854,CUST-00020,17.77,2025-09-07,West 
TXN-002237,CUST-00311,106.56,2025-10-23,South
TXN-004728,CUST-00162,253.93,2025-11-09,West
TXN-003959,CUST-00375,15.53,2025-11-08,North
TXN-004463,CUST-00367,81.11,2024-09-07,North
TXN-004355,CUST-00288,46.63,2024-03-10,North
TXN-001057,CUST-00088,182.71,2025-10-29,West
TXN-001386,CUST-00006,70.06,2024-05-20,East
TXN-004301,CUST-00385,16.80,2025-10-24,West
TXN-004250,CUST-00496,1403.41,2024-08-12,East
TXN-001590,CUST-00061,57.20,2025-10-21,North
TXN-001645,CUST-00339,40.56,2025-03-26,West
TXN-000196,CUST-00116,151.74,2024-02-29,North
TXN-003770,CUST-00232,43.00,2024-04-02,Central
TXN-002797,CUST-00416,220.72,2025-04-04,South
TXN-000230,CUST-00391,1194.10,2025-11-19,Central
TXN-001147,CUST-00027,171.98,2025-04-18,East
TXN-001626,CUST-00274,116.27,2025-06-05,North
TXN-000580,CUST-00250,,2024-12-23,East
TXN-001996,CUST-00243,37.39,2025-11-10,West 
TXN-003763,CUST-00303,87.15,2025-11-24,West
TXN-004759,CUST-00093,235.15,2025-02-09,South
TXN-003591,CUST-00093,492.88,2025-06-25,
TXN-000130,CUST-00149,,2025-01-23,Central
TXN-001469,CUST-00361,458.49,2024-09-07,East
TXN-003833,CUST-00054,97.09,2024-06-25, South
TXN-000211,CUST-00156,397.02,2025-03-02,North
TXN-002059,CUST-00291,1178.52,2024-10-04,East
TXN-001642,CUST-00454,439.95,2025-05-27,Central
TXN-000097,CUST-00178,262.54,2024-10-02,West
TXN-000459,CUST-00479,21.40,2025-12-30,Central 
TXN-004451,CUST-00291,83.73,2025-02-04,East
TXN-004678,CUST-00085,208.45,2024-12-25,West
TXN-003516,CUST-00120,44.42,2025-04-25,North
TXN-004893,CUST-00261,212.00,2024-12-19,East
TXN-000693,CUST-00263,541.93,2025-01-26,North
TXN-003041,CUST-00320,45.95,2025-11-20,West
TXN-000683,CUST-00437,77.74,2025-10-06,South
TXN-002610,CUST-00060,517.56,2024-07-25,North
TXN-002565,CUST-00018,142.76,2025-08-01,North
TXN-000538,CUST-00481,253.06,2025-06-29,South
TXN-000730,CUST-00205,341.60,2025-10-21,Central
TXN-003967,CUST-00392,28.11,2025-01-27,Central
TXN-001976,CUST-00264,50.67,2024-12-08,Central
TXN-000251,CUST-00356,240.76,2024-10-09,West
TXN-004661,CUST-00472,44.08,2025-03-06,Central
TXN-002517,CUST-00327,140.94,2025-01-17,South
TXN-003852,CUST-00104,94.68,2025-02-02,West
TXN-002162,CUST-00128,489.27,2024-12-22,South
TXN-000138,CUST-00185,187.32,2025-10-21,North
TXN-003547,CUST-00205,609.12,2024-03-22,Central
TXN-004323,cust-00080,113.92,2024-10-18,East
TXN-001314,CUST-00108,480.82,2025-12-26,East
TXN-002599,CUST-00226,96.30,2025-02-24,West
TXN-001570,CUST-00066,1327.84,2024-01-03,South
TXN-002701,CUST-00219,206.83,2025-04-03,West
TXN-002601,CUST-00032,131.09,2025-04-04,North
TXN-004230,CUST-00491,565.19,2025-12-28,South
TXN-001148,CUST-00213,93.16,2024-11-11,Central
TXN-000070,CUST-00156,106.81,2025-11-30,North
TXN-002004,CUST-00484,110.93,2024-02-12,South
TXN-004413,CUST-00428,24.70,2024-02-25,West
TXN-000902,CUST-00481,31.78,2025-07-29,South
TXN-003939,CUST-00078,485.91,2024-09-05,Central
TXN-000844,CUST-00067,33.74,2024-10-31,East
TXN-002173,CUST-00417,833.02,2025-04-14,Central
TXN-000926,CUST-00248,474.92,2024-05-01,South
TXN-000157,CUST-00116,23.16,2024-10-02,East
TXN-003689,CUST-00388,44.18,2024-07-09,West
TXN-000903,CUST-00057,33.17,2025-03-06,North
TXN-002141,CUST-00481,210.24,2025-12-14,South
TXN-000364,CUST-00226,1332.67,2025-08-11, West
TXN-003865,CUST-00374,1400.18,2024-03-26,North
TXN-000789,CUST-00177,42.33,2025-10-21,North
TXN-004084,CUST-00203,226.89,2025-05-25,West
TXN-000144,CUST-00110,188.23,2024-01-12,SOUTH
TXN-004427,CUST-00093,43.43,2025-01-25,South
TXN-001439,CUST-00252,32.42,2025-09-02,East
TXN-000282,CUST-00477,73.39,2024-07-28,North
TXN-004607,CUST-00483,285.43,2025-12-11,South
TXN-000876,CUST-00397,186.11,2024-11-17,East
TXN-001210,CUST-00143,1211.32,2024-06-22,North
TXN-004471,CUST-00036,31.58,2024-04-09,S
TXN-002911,CUST-00205,91.58,2024-04-02,Central
TXN-000767,CUST-00179,864.32,2025-11-30,South
TXN-004079,CUST-00378,535.29,2025-08-01,Central
TXN-002868,CUST-00273,106.79,2024-04-27,North
TXN-003850,CUST-00479,986.49,2025-02-04,Central 
TXN-000334,CUST-00002,,2024-04-12,South
TXN-004778,CUST-00492,181.33,2025-05-02,Central
TXN-002895,CUST-00276,18.65,2024-02-14,West
TXN-000509,CUST-00427,50.67,2024-05-26,East
TXN-003102,CUST-00404,367.22,2025-02-17,East
TXN-000521,CUST-00085,311.67,2024-07-06,West
TXN-001390,CUST-00214,92.58,2024-02-15,South
TXN-001957,CUST-00289,1148.02,2025-05-31,North
TXN-003475,CUST-00076,958.12,2024-08-31,East
TXN-002863,CUST-00444,282.86,2025-08-23,West
TXN-002728,CUST-00256,185.78,2024-02-21,South
TXN-000654,CUST-00116,64.73,2024-09-09,East
TXN-000342,CUST-00293,18.91,2024-07-18,Central
TXN-004692,CUST-00088,189.83,2024-01-20,West
TXN-000952,CUST-00184,81.24,2024-03-24,South
TXN-004508,CUST-00120,987.33,2025-02-25,North
TXN-004441,CUST-00049,44.35,2025-02-01,Central
TXN-001026,CUST-00219,556.60,2024-08-02,West
TXN-000110,CUST-00439,172.65,2025-03-10,West
TXN-001067,CUST-00219,90.69,2024-05-18,West
TXN-004606,CUST-00289,95.84,2024-12-30,North
TXN-004827,CUST-00121,559.55,2024-10-27,West
TXN-000945,CUST-00298,1259.06,2024-06-07,North
TXN-000915,CUST-00228,96.38,2024-02-20,East
TXN-004231,CUST-00061,46.35,2024-06-30,North
TXN-002119,CUST-00219,104.06,2024-04-26,West
TXN-004972,CUST-00126,77.11,2025-07-23,Central
TXN-001973,CUST-00113,67.59,2025-05-18,Central
TXN-002082,CUST-00295,37.69,2025-09-23,Central
TXN-001875,CUST-00410,154.52,2025-12-15,Central
TXN-004325,CUST-00320,21.41,2025-04-07,West
TXN-004509,CUST-00372,329.00,2024-02-17,West
TXN-001769,CUST-00486,17.33,2024-10-08,North
TXN-001321,CUST-00275,23.98,2025-04-09,North
TXN-000027,CUST-00148,313.35,2024-05-02,West
TXN-000346,CUST-00072,460.59,2024-12-03,North
TXN-001378,CUST-00454,38.34,2024-08-12,Central
TXN-004577,CUST-00390,39.22,2025-06-29,South
TXN-000674,CUST-00476,279.60,2024-01-06,North
TXN-004494,CUST-00078,34.71,2024-04-21,Central
TXN-002158,CUST-00195,106.98,2025-01-29,East
TXN-000069,CUST-00422,374.79,2024-04-01,North
TXN-003076,CUST-00411,17.35,2024-01-08,Central
TXN-003603,CUST-00413,247.92,2024-02-11,South
TXN-003699,CUST-00376,38.63,2024-07-09,Central
TXN-000235,CUST-00164,1151.65,2024-05-28,EAST
TXN-002995,CUST-00478,45.23,2025-10-23,East
TXN-000845,CUST-00186,231.35,2024-11-19,South
TXN-002468,CUST-00160,37.28,2025-12-18,South
TXN-001303,CUST-00080,57.57,2025-11-13,East
TXN-003285,CUST-00083,43.51,2024-01-06,Central
TXN-004936,CUST-00093,1060.25,2025-01-16,South
TXN-000363,CUST-00156,53.18,2025-05-14,North
TXN-001681,CUST-00272,1407.05,2025-03-01,East
TXN-001175,CUST-00219,162.96,2025-09-29,West
TXN-001030,CUST-00442,41.39,2024-10-23,East
TXN-002934,CUST-00035,217.95,2024-03-23,South
TXN-004502,CUST-00126,729.89,2024-12-02,Central
TXN-000436,CUST-00411,430.95,2024-01-08,Central
TXN-001954,CUST-00399,206.00,2024-01-01,Central
TXN-001834,CUST-00476,832.81,2025-04-22,North
TXN-000949,CUST-00032,28.95,2024-10-06,North
TXN-001336,CUST-00057,33.13,2024-12-27,North
TXN-000825,CUST-00137,436.04,2024-04-03,West
TXN-001062,CUST-00417,66.73,2024-10-23,Central
TXN-001419,CUST-00219,95.42,2024-12-24,West
TXN-002644,CUST-00335,384.60,2024-08-22,West
TXN-002669,CUST-00433,50.89,2024-10-12,North
TXN-000401,CUST-00026,1134.97,2024-10-09,East
TXN-004289,CUST-00400,98.52,2025-03-09,West
TXN-002023,CUST-00420,347.43,2024-09-21,North
TXN-000248,CUST-00144,41.91,2025-01-30,North
TXN-002696,CUST-413,419.84,2024-08-17,South
TXN-000451,CUST-00068,191.34,2024-06-13, West
TXN-002221,CUST-00083,399.02,2024-12-20,Central
TXN-003973,CUST-00125,262.17,2025-06-17,South
TXN-003154,CUST-00484,62.17,2025-10-07,South
TXN-004911,CUST-00411,123.63,2025-07-29,Central
TXN-004696,CUST-00045,116.53,2025-01-19,East
TXN-002664,CUST-00181,77.33,2025-01-20,Central
TXN-000151,CUST-00411,,2025-06-04,Central
TXN-001184,CUST-00074,258.80,2025-01-11,Central
TXN-002053,CUST-00003,25.84,2025-10-28,South
TXN-003766,CUST-00266,210.17,2025-12-22,Central
TXN-003211,CUST-00103,105.00,2024-08-01,West
TXN-003758,CUST-00438,190.57,2024-08-21,North
TXN-004133,CUST-00220,89.77,2024-09-01,Central
TXN-004766,CUST-00196,70.22,2024-03-01,Central
TXN-003837,CUST-00116,531.05,2024-11-03,East
TXN-004334,CUST-00299,416.01,2025-07-26,West
TXN-003866,CUST-00147,1143.20,2024-12-30,South
TXN-002572,CUST-00469,112.56,2024-05-18,Central
TXN-004757,CUST-00308,454.72,2025-04-28,Central
TXN-003760,CUST-00051,45.03,2024-05-27,East
TXN-004980,CUST-00500,435.11,2025-02-01,East
TXN-004943,CUST-00398,248.73,2024-08-05,Central
TXN-003584,CUST-00252,209.73,2025-09-21,North
TXN-001181,CUST-00414,207.14,2025-06-27,North
TXN-001768,CUST-00492,1094.81,2024-03-23,Central
TXN-002256,CUST-00368,1298.58,2025-06-14,West
TXN-003726,CUST-00061,179.13,2024-12-16,North
TXN-003032,CUST-00041,738.50,2024-06-27,South
TXN-001338,CUST-00194,46.50,2024-10-01,North
TXN-001937,CUST-00393,527.30,2025-10-08,Central
TXN-001814,CUST-00064,73.44,2024-09-06,West
TXN-002802,CUST-00500,227.32,2024-06-01,East
TXN-002591,CUST-00090,1350.49,2024-02-05,Central
TXN-001724,cust-00157,567.20,2025-01-15,North
TXN-003593,CUST-00018,28.18,2025-09-10,North
TXN-003597,CUST-00322,497.70,2024-02-04,Central
TXN-004656,CUST-00110,52.58,2025-06-09,South
TXN-002071,CUST-00365,81.33,2025-05-02,West 
TXN-000739,CUST-00096,46.64,2025-03-05,North
TXN-001145,CUST-00399,45.92,2024-12-27,Central
TXN-001177,CUST-00058,398.35,2025-09-15,north
TXN-001683,CUST-00469,191.77,2024-08-02,Central
TXN-000907,CUST-00026,183.35,2025-10-23,East
TXN-001543,CUST-00109,1433.37,2024-01-23,west
TXN-004168,CUST-00413,99999.99,2025-08-31,South
TXN-004176,CUST-00217,329.19,2024-02-12,North
TXN-001101,CUST-00492,33.77,2024-05-08,Central
TXN-003484,CUST-00420,29.43,2024-09-11,North
TXN-003117,CUST-00421,80.56,2025-02-07,East
TXN-000980,CUST-00342,33.74,2025-09-09,East
TXN-001491,CUST-00408,184.76,2025-11-08,South
TXN-004813,CUST-00252,50.79,2024-08-08,North
TXN-000133,CUST-00193,30.46,2025-08-07,North
TXN-002296,CUST-00143,90.53,2024-11-17,North
TXN-000995,CUST-00077,82.58,2024-10-13,West
TXN-003337,CUST-00448,36.41,2024-10-04,
TXN-001000,CUST-95529,78.76,2024-11-16,North
TXN-002029,CUST-00083,77.85,2025-07-25,Central
TXN-004561,CUST-00489,204.13,2025-10-17,East
TXN-001463,CUST-00142,184.01,2024-08-23,Central
TXN-004364,CUST-00157,1241.31,2025-06-01,North
TXN-001917,CUST-00299,257.93,2024-09-07,W
TXN-003740,CUST-00196,150.41,2024-05-15,Central
TXN-001609,CUST-00030,94.81,2025-07-02,Central
TXN-003434,CUST-00072,421.04,2024-06-23,North
TXN-003489,CUST-00092,361.46,2025-06-25,East
TXN-002074,CUST-00156,89.75,2025-04-06,North
TXN-003144,CUST-00253,124.15,2025-03-07,South
TXN-001699,CUST-00178,114.40,2024-04-19,West
TXN-001172,CUST-00398,363.08,2024-06-12,Central
TXN-002382,CUST-00184,1241.02,2024-12-23,North
TXN-004988,CUST-00299,142.84,2024-02-04, West
TXN-002978,CUST-00409,30.14,2024-06-09,West
TXN-003616,CUST-00411,85.04,2025-11-16,Central
TXN-004215,CUST-00370,237.69,2025-10-01,South
TXN-004769,CUST-00424,939.50,2024-06-16,South
TXN-001249,cust-00477,112.86,2025-08-12,North
TXN-001569,CUST-00459,182.29,2025-04-24,North
TXN-002703,CUST-00477,91.59,2024-09-23,North
TXN-004143,CUST-00086,189.13,2024-01-10,West
TXN-003784,CUST-00225,388.99,2024-08-09,Central
TXN-004499,CUST-00074,436.20,2024-01-19,Central
TXN-004008,CUST-00100,44.86,2024-07-05,North
TXN-002116,CUST-00168,166.40,2024-09-14,West
TXN-002134,CUST-00443,728.71,2025-10-11,East
TXN-003294,CUST-00143,23.11,2025-03-14,N
TXN-003600,CUST-00222,234.73,2025-04-21,Central
TXN-003839,CUST-00069,22.63,2024-06-28,south
TXN-004982,CUST-00144,42.39,2025-01-08,North
TXN-001484,CUST-00036,25.88,2025-09-09,South
TXN-003958,CUST-00013,23.88,2024-01-05,North
TXN-004635,CUST-00093,-123.64,2024-07-21,South
TXN-001317,CUST-00226,49.42,2025-07-04,West
TXN-003256,CUST-00494,643.15,2024-08-28,North
TXN-000467,CUST-00463,393.75,2024-11-05,Central
TXN-000976,CUST-00104,62.65,2024-11-01,West
TXN-001880,CUST-00420,44.99,2024-05-12,north
TXN-004091,CUST-00444,20.88,2024-06-29,West
TXN-003829,cust-00110,24.35,2025-06-30,South
TXN-004102,CUST-00273,143.44,2025-09-08,North
TXN-004362,CUST-00121,624.16,2025-04-28,West
TXN-000035,CUST-00450,40.78,2024-03-27,West
TXN-003135,CUST-00180,35.67,2025-04-23,Central
TXN-002460,CUST-00495,251.63,2025-08-05,South
TXN-004426,CUST-00259 ,245.06,2024-04-12,Central
TXN-004937,CUST-00268,88888.00,2024-05-07,West
TXN-001366,CUST-00249,73.04,2025-10-07,West
TXN-004028,CUST-00273,79.02,2024-01-25,North
TXN-004585,CUST-00322,144.51,2024-04-15,North
TXN-000987,CUST-00335,39.02,2025-12-08,West
TXN-000425,CUST-00213,806.87,2025-11-02,Central
TXN-004627,CUST-00434,196.00,2025-06-14,South
TXN-003331,CUST-00385,72.30,2025-02-19,West
TXN-001418,CUST-00459,1390.67,2024-01-26,North
TXN-004565,CUST-00217,42.43,2025-07-10,North
TXN-001629,CUST-00273,567.83,2024-06-01,West
TXN-003660,CUST-00206,117.27,2024-06-13,North
TXN-001231,CUST-00211,105.23,2025-01-24,Central
TXN-004376,CUST-00302,399.34,2025-05-02,South
TXN-003925,CUST-00090,45.32,2024-01-06,Central
TXN-002080,CUST-00458,200.04,2024-03-24,South
TXN-002699,CUST-00040,124.01,2024-12-08, North
TXN-002570,CUST-00011,110.60,2025-12-15,Central
TXN-001649,CUST-00360,48.58,2025-08-15,South
TXN-002726,CUST-00170,404.19,2024-05-12,South
TXN-004540,CUST-00491,457.79,2025-12-07,South
TXN-003352,CUST-00364,383.72,2025-07-07,South
TXN-003523,CUST-00288,227.35,2025-05-07,North
TXN-002482,CUST-00096,41.19,2025-12-11,North
TXN-001603,CUST-00371,1400.97,2024-06-28,Central
TXN-002070,CUST-00074,-234.00,2024-11-17,Central
TXN-002596,CUST-00379,64.06,2024-09-23,East
TXN-004136,CUST-00495,174.42,2024-10-09,South
TXN-004216,CUST-00332,412.68,2025-06-20,North
TXN-000415,CUST-00316,862.36,2025-05-20,North
TXN-001138,CUST-00444,281.11,2025-05-28,West
TXN-003817,CUST-00327,439.69,2025-08-03,South
TXN-000823,CUST-00417,414.40,2025-12-05,Central
TXN-001377,CUST-00040,430.42,2025-11-04,North
TXN-003832,CUST-00162,487.89,2025-04-06,West
TXN-004702,CUST-00125,1035.67,2025-03-29,South
TXN-002047,CUST-00398,142.51,2024-05-14,Central
TXN-000871,CUST-00091,233.26,2025-02-28,Central
TXN-003909,CUST-00416,237.99,2025-12-19,West
TXN-001575,CUST-00020,109.30,,West
TXN-000465,CUST-00067,41.83,2025-09-29,East
TXN-000427,CUST-00440,569.68,2025-05-05,South
TXN-000376,CUST-00259,217.58,2024-08-19,Central
TXN-000704,CUST-00396,28.41,2025-01-26,West
TXN-003188,CUST-00040,768.83,2024-05-08,North
TXN-000174,CUST-00218,50.60,2024-05-23,South
TXN-003716,CUST-00453,50.50,2025-03-07,West
TXN-002294,CUST-96651,60.68,2024-03-11,Central
TXN-003412,CUST-00248,1201.00,2024-12-06,South
TXN-004924,CUST-00417,149.05,2025-02-01,Central
TXN-004953,CUST-00307,38.11,2025-03-19,Central
TXN-003335,CUST-00233,449.61,2025-01-02,SOUTH
TXN-000755,CUST-00481,506.24,2025-08-16,South
TXN-004227,CUST-00272,1048.12,2025-07-14,East
TXN-004030,CUST-00420,130.96,2025-04-10,North
TXN-000989,CUST-00102,1090.38,2025-12-14,East
TXN-001309,CUST-00162,93.16,2025-02-08,West
TXN-001823,CUST-97916,1010.04,2024-02-25,Central
TXN-001654,CUST-00157,99.25,2024-12-15,North
TXN-000550,CUST-00085,20.40,2025-03-07,West
TXN-004033,CUST-00269,50.10,2025-01-02,Central
TXN-001004,CUST-00063,142.95,2024-06-05,North
TXN-002043,CUST-00080,338.46,2024-12-17,East
TXN-004501,CUST-00080,26.67,2024-01-18,East
TXN-001710,CUST-00452,88.31,2025-11-10,East
TXN-001522,CUST-00219,27.12,2025-09-05,West
TXN-003607,CUST-00093,854.57,2025-06-18,South
TXN-000118,CUST-00223,522.66,2025-05-12,West
TXN-001593,CUST-00017,72.04,2024-09-03,EAST
TXN-004944,CUST-00259,203.88,2024-01-30,Central
TXN-001539,CUST-00080,1277.00,2025-01-03,East
TXN-001359,CUST-00490,99.99,2025-10-21,East
TXN-004531,CUST-00178,162.70,2025-03-27,west
TXN-001667,CUST-00083,26.69,2025-01-12,Central
TXN-001781,CUST-00132,663.49,2025-06-10,East
TXN-004928,CUST-00324,35.27,2024-07-21,South
TXN-003948,CUST-00481,133.61,2025-12-20,South
TXN-003843,CUST-00022,1199.24,2024-12-01,South
TXN-000572,CUST-00302,1267.56,2025-03-14,South
TXN-002866,CUST-00453,426.06,2024-04-04,West
TXN-004280,CUST-00416,442.63,2025-02-11,West
TXN-003661,CUST-00273,92.08,2024-12-28,North
TXN-003242,CUST-00273,77.60,2025-07-19,North
TXN-002788,CUST-00101,87.92,2025-11-29,West
TXN-004587,CUST-00454,44.31,2025-03-16,Central
TXN-000453,CUST-00074,151.90,2024-01-20,North
TXN-003682,CUST-00134,1235.94,2024-12-12,East
TXN-004950,CUST-00238,257.95,2025-02-13,East
TXN-002897,CUST-00215,1347.13,2024-03-01,South
TXN-002899,CUST-00154,45.17,2024-12-21,Central
TXN-001517,CUST-00272,904.47,2025-10-24,East
TXN-002888,CUST-00389,1434.83,2025-09-13,West
TXN-003156,CUST-00223,116.31,2024-05-21,West
TXN-001195,CUST-00495,48.60,2025-10-18,South
TXN-001035,CUST-00473,362.85,2025-04-09,West
TXN-004278,CUST-00093,38.39,2024-02-12,South
TXN-002514,CUST-00404,31.77,2024-09-19,East
TXN-000870,CUST-00107,26.03,2024-05-07,East
TXN-003191,CUST-00414,73.24,2024-12-19,North
TXN-001627,CUST-00159,1438.09,2024-05-15,North
TXN-004327,CUST-00472,147.62,2025-05-11,Central
TXN-001711,CUST-00493,307.42,2024-09-22,SOUTH
TXN-000066,CUST-00303,1056.66,2024-12-27,West
TXN-001275,CUST-00138,258.10,2025-01-26,North
TXN-004879,CUST-00094,44.97,2025-08-10,Central
TXN-002510,CUST-00322,$147.22,2024-05-10,Central
TXN-001268,CUST-00343,37.27,2024-04-22,Central
TXN-000595,CUST-00143,218.85,2025-12-25,North
TXN-001160,CUST-00390,1383.43,2025-09-19,South
TXN-002817,CUST-00228,67.52,2025-01-05,East
TXN-001466,CUST-00346,1251.51,2025-11-17,West
TXN-004305,cust-00230,30.82,2025-09-03,North
TXN-002462,CUST-00360,104.89,2024-09-22,South
TXN-000310,CUST-00035,72.33,2024-03-17,South
TXN-000526,CUST-00175,455.30,2025-03-19,West
TXN-002662,CUST-00258,636.65,2025-11-27,North
TXN-001269,CUST-00322,37.72,2024-01-29,Central
TXN-003319,CUST-00289,47.62,2024-12-01,North
TXN-002028,CUST-00409,103.63,2024-07-29,West
TXN-001628,CUST-00022,209.92,2024-02-06,South
TXN-004930,CUST-00128,447.38,2025-09-11,South
TXN-002058,CUST-00320,96.71,2024-04-05,West
TXN-003510,CUST-00248,224.06,2024-11-12,South
TXN-004317,CUST-00162,439.31,2025-12-01,West
TXN-003719,CUST-00498,517.97,2024-10-18,West
TXN-001932,CUST-00039,36.40,2025-12-28,Central
TXN-001322,CUST-00423,528.65,2025-01-17,Central
TXN-003717,CUST-93297,83.30,2025-10-13,Central
TXN-002404,CUST-00224,213.27,2025-08-24,West
TXN-003891,CUST-00074,71.10,2025-05-10,Central
TXN-004717,CUST-00340,454.58,2024-08-06,Central
TXN-003350,CUST-00066,971.78,2024-05-14,South
TXN-002902,CUST-00080,33.39,2025-10-22,East
TXN-001024,CUST-00125,182.85,2024-11-27,South
TXN-000012,CUST-00055,1272.43,2025-05-24,West
TXN-000046,CUST-00400,229.93,2025-01-21,West
TXN-003943,CUST-00253,522.72,2025-09-29, South
TXN-003435,CUST-00133,282.16,2024-01-20,Central
TXN-001694,CUST-00074,479.90,2025-04-13,Central
TXN-002521,CUST-00411,80.42,2025-04-28,Central
TXN-002427,CUST-00135,158.04,2024-07-24,South
TXN-001899,CUST-00116,82.83,2024-05-03,East
TXN-001930,CUST-00452,452.94,2025-12-12,East
TXN-000303,CUST-00070,203.52,2025-01-06,Central
TXN-003780,CUST-00258,19.94,2025-07-14,North
TXN-002095,CUST-00090,167.11,2025-11-29,
TXN-004010,CUST-00359,79.37,2025-11-30,West
TXN-004920,CUST-00325,412.69,2025-06-27,South
TXN-004744,CUST-00287,20.61,2025-07-25,West
TXN-001943,CUST-00252,39.60,2025-09-17,
TXN-000343,CUST-00044,105.94,2025-01-02,East
TXN-003666,CUST-00110,1208.14,2024-03-16,East
TXN-001034,CUST-00042,228.52,2025-03-19,West
TXN-001052,CUST-00408,114.30,2024-07-30,South
TXN-003755,CUST-00324,737.80,2025-10-13, South
TXN-004157,CUST-00085,28.52,2025-12-04,W
TXN-003975,CUST-00271,267.24,2025-11-12,South
TXN-000689,CUST-00305,184.28,2024-08-14,South
TXN-003645,CUST-00324,44.95,2025-11-04,South
TXN-000136,CUST-00485,73.38,2024-05-02,East
TXN-003596,CUST-00137,114.17,2025-12-26,West
TXN-003606,CUST-00329,1319.14,2024-06-05,South
TXN-001120,CUST-00417,475.41,2025-02-15,Central
TXN-001284,CUST-00032,98.08,2025-02-16,North
TXN-001854,CUST-00282,171.21,2025-06-18,Central
TXN-002034,CUST-00061,50.43,2024-01-26,North
TXN-002265,CUST-00155,898.82,2025-03-12,North
TXN-002645,CUST-00143,238.91 USD,2024-09-12,North
TXN-004820,CUST-00158,108.57,2025-03-17,North
TXN-004978,CUST-00429,346.06,2024-09-01,N
TXN-002397,CUST-00421,102.21,2025-03-29,East
TXN-003668,CUST-00364,127.67,2025-05-18,South
TXN-000647,CUST-00110,46.54,2025-07-14,South
TXN-004898,CUST-00335,615.90,2025-11-10,West
TXN-004760,CUST-00349,30.38,2024-04-10,East
TXN-002349,CUST-00481,1156.64,2025-02-17,South
TXN-001292,CUST-00296,43.68,2024-07-10,North
TXN-000441,CUST-00049,1045.00,2025-08-24,South
TXN-000537,CUST-00495,860.65,2024-08-01,South
TXN-001882,cust-00192,229.56,2024-04-28,North
TXN-002740,CUST-00093,70.42,2025-06-16,South 
TXN-002105,CUST-00420,509.60,2024-03-30,North
TXN-002988,CUST-00043,45.74,2025-01-07,West
TXN-004632,CUST-00383,91.23,25/11/2024,Central
TXN-003129,CUST-369,234.89,2025-01-16,West
TXN-003283,CUST-00425,420.53,2024-04-08,East
TXN-001753,CUST-00204,214.86,2024-11-02,South
TXN-003961,CUST-00029,51.21,2025-07-21,South
TXN-004616,CUST-00239,28.99,2024-06-22,North
TXN-003277,CUST-00352,112.09,2024-07-02,Central
TXN-003172,CUST-00324,254.56,2024-10-11,South
TXN-004795,cust-00199,405.11,2024-12-16,Central
TXN-001907,CUST-00411,1161.57,2024-08-27,Central
TXN-000429,CUST-00430,78.56,2025-06-11,South
TXN-001085,cust-00217,89.07,2025-10-30,North
TXN-002685,CUST-00387,195.69,2025-11-18,North
TXN-002682,CUST-00116,28.75,2025-04-23,East
TXN-001759,CUST-00224,202.78,2024-01-09,West
TXN-003853,CUST-00386,521.11,2025-03-11,West
TXN-003332,CUST-347,158.78,2025-03-25,West
TXN-001967,CUST-00078,253.30,2025-03-12,Central
TXN-003761,CUST-00420,245.04,2025-12-01,North
TXN-002345,CUST-146,100.29,2024-03-02,Central
TXN-004611,CUST-00400,66.26,2024-12-29,West
TXN-001601,CUST-00277 ,105.76,2025-02-11,Central
TXN-003801,CUST-00231,808.32,2025-08-14,East
TXN-003572,CUST-00076,428.11,2025-08-16,East
TXN-002507,CUST-00134,152.75,2025-01-09,East
TXN-002068,CUST-00337,718.30,2025-05-24,North
TXN-002117,CUST-00453,847.67,2025-05-07,West
TXN-002920,CUST-00462,542.62,2025-11-30,East
TXN-001726,CUST-00414,242.53,2025-06-25,North
TXN-000164,CUST-00420,295.23,2025-07-04,North
TXN-003515,CUST-00399,35.21,2025-08-08,Central
TXN-003296,CUST-00034,107.82,2024-05-17,South
TXN-000605,CUST-00399,30.56,2025-12-16,Central
TXN-003016,CUST-00074,50.33,2025-04-18,Central
TXN-004720,CUST-00038,205.82,2025-02-23,South
TXN-002130,CUST-00116,841.43,2024-09-25,East
TXN-002649,CUST-00289,47.02,2024-10-13,North
TXN-003028,CUST-00422,25.37,2025-03-17,North
TXN-003013,CUST-00110,98.73,2024-12-10,South
TXN-004474,CUST-00116,135.67,2025-12-14,West
TXN-004299,CUST-00289,26.98,2024-07-05,North
TXN-003629,CUST-00205,78.30,2025-03-11,Central
TXN-000703,CUST-00363,44.82,2024-03-12,West
TXN-002783,CUST-00093,116.84,2024-05-19,South
TXN-001299,CUST-00210,77.49,2024-04-15,North
TXN-001093,CUST-00127,227.45,2025-04-20,East
TXN-004423,CUST-00110,136.91,2024-03-20,South
TXN-000492,CUST-00143,136.44,2025-04-28,North
TXN-003543,CUST-00417,81.14,2025-04-21,Central
TXN-002086,CUST-00260,61.76,2025-07-24,East
TXN-002885,CUST-00252,29.19,2025-01-25,North
TXN-002670,CUST-00136,91.35,2024-10-01,West
TXN-000166,CUST-00121,51.43,2025-09-18,WEST
TXN-000958,CUST-00192,360.70,2024-02-04,North
TXN-001154,CUST-00242,332.30,2024-11-25,West
TXN-002454,CUST-00213,26.50,2024-12-24,Central
TXN-003736,CUST-00103,84.16,2025-12-17,West
TXN-000735,CUST-00281,113.68,2025-02-20,Central
TXN-000579,CUST-00415,57.93,2025-07-07,West
TXN-003126,CUST-00494,153.38,2024-10-17,N
TXN-001036,CUST-00320,77.10,2025-07-21,West
TXN-004170,CUST-00074,81.05,2025-11-04,Central
TXN-001829,CUST-00454,247.34,2025-06-06,Central
TXN-003647,CUST-00126,933.19,2024-04-09,Central
TXN-001499,CUST-00219,250.26,2025-12-26,West
TXN-001016,CUST-00449,22.87,2025-12-26,East
TXN-000531,CUST-00444,88.55,2024-04-22,West
TXN-002713,CUST-00437,428.27,2024-03-10,South
TXN-001423,CUST-00292,101.13,2024-05-12,South
TXN-001411,CUST-00498,1025.14,2025-02-19,West
TXN-003894,CUST-00242,508.04,2024-07-21,W
TXN-001992,CUST-00389,20.37,2024-03-16,West
TXN-002924,CUST-00446,463.01,2025-08-28,West
TXN-003707,CUST-00116,1001.70,2025-03-22,East
TXN-004814,CUST-00043,65.59,2024-10-11,West
TXN-002647,CUST-00288,1263.31,2024-05-03,North
TXN-000057,CUST-00398,45.45,2024-01-07,Central
TXN-002291,CUST-00204,142.26,2025-10-16,South
TXN-000229,CUST-00021,135.45,2025-11-26,East
TXN-000877,CUST-00267,66.17,2024-03-12,East
TXN-002810,CUST-00366,1045.99,2025-08-02,North
TXN-003279,CUST-00246,758.24,2024-02-26,Central
TXN-003592,CUST-00481,35.50,2025-01-24,South
TXN-002352,CUST-00496,169.06,2024-10-02,East
TXN-003721,CUST-00077,20.24,2024-04-05,West
TXN-000239,CUST-00210,37.09,2025-06-10,North
TXN-002030,CUST-00104,51.69,2025-07-25,
TXN-001060,CUST-00299,441.63,2024-09-19,West
TXN-002881,CUST-00430,129.34,2024-07-28,South
TXN-000384,CUST-00412,86.58,2024-11-14,South
TXN-000812,CUST-00325,208.02,2025-05-20,South
TXN-003520,CUST-00140,60.21,2024-01-09,Central
TXN-002033,CUST-00043,73.16,2025-06-25,West
TXN-003449,CUST-00254,1314.59,2024-04-21,Central
TXN-001219,CUST-00306,1102.74,2025-06-18,Central
TXN-003203,CUST-00026,510.02,2025-01-15,East
TXN-000339,CUST-00199,174.05,2025-06-10,C
TXN-000806,CUST-00104,121.60,2025-03-31,West
TXN-001635,CUST-00143,115.57,2025-09-26,North
TXN-004532,CUST-00267,45.86,2024-06-01,East
TXN-004450,CUST-00142,52.79,2024-07-21,Central
TXN-000709,CUST-00135,1339.05,2025-03-12,South
TXN-003897,CUST-00156,146.68,2025-07-11,North
TXN-004306,CUST-00199,406.16,2025-04-30,Central
TXN-003626,CUST-00244,634.20,2025-02-01,North
TXN-001164,CUST-00107,43.79,2024-03-03,East
TXN-002123,CUST-00230,1092.81,2024-09-13,North
TXN-003872,CUST-00268,96.99,2025-08-20,West
TXN-004161,CUST-00156,73.38,2025-08-17,North
TXN-001501,CUST-00023,875.53,2025-01-17,east
TXN-001472,CUST-00044,37.84,2025-10-28,East
TXN-000763,CUST-00444,470.05,2024-04-05,West
TXN-000737,cust-00219,51.15,2024-12-23,West
TXN-004888,CUST-00374,137.15,2024-03-15,North
TXN-001592,CUST-00409,89.97,2024-03-02,West
TXN-002954,CUST-00172,1207.16,2025-12-25,south
TXN-002910,CUST-00420,570.92,2025-09-08,North
TXN-000671,CUST-00107,772.58,2025-01-10,East
TXN-001365,CUST-00252,83.06,2025-07-06,North
TXN-003465,CUST-00500,247.02,2024-10-12,East
TXN-000937,CUST-00424,185.78,2024-12-09,South
TXN-004099,CUST-00287,39.15,2025-03-06,West
TXN-003103,CUST-00116,230.90,2024-02-15,East
TXN-003559,CUST-00237,15.93,2024-11-01,North
TXN-003942,CUST-00221,102.81,2024-07-06,North
TXN-003675,CUST-00481,1016.54,2025-10-10,S
TXN-003544,CUST-00500,78.37,2024-01-21,East
TXN-004421,CUST-00201,277.15,2024-10-18,South
TXN-002930,cust-00015,1129.18,2024-11-29,East
TXN-001006,CUST-00460,27.87,2024-08-29,South
TXN-002737,CUST-00080,231.61,2025-07-19,East
TXN-003752,CUST-00085,52.65,2024-11-20,West
TXN-000637,CUST-00420,184.76,2024-10-16,NORTH
TXN-000101,CUST-00226,583.65,2025-06-06,West
TXN-004815,CUST-00418,64.51,2024-09-13,East
TXN-002276,CUST-00070,82.75,2024-07-12,Central
TXN-000640,CUST-00414,751.25,2024-09-24,North
TXN-004339,CUST-00003,85.46,2025-06-16,South
TXN-004578,CUST-00498,452.79,2025-04-14,West
TXN-000448,CUST-00041,50.65,2024-11-12,South
TXN-004461,CUST-00028,111.90,2024-11-10,East
TXN-004090,CUST-00444,1208.81,2024-05-18,West
TXN-000964,CUST-00272,227.78,2024-08-12,East
TXN-003401,CUST-00226,40.45,2024-05-05,West
TXN-003564,CUST-00336,228.40,2025-11-27,Central
TXN-000254,CUST-00047,38.97,2025-12-20,Central
TXN-003008,CUST-00424,219.26,2024-03-12,S
TXN-001898,CUST-00125 ,200.94,2025-03-31,South
TXN-002203,CUST-00053,1317.72,2024-06-06,North 
TXN-002178,cust-00374,98.65,2024-06-09,North
TXN-001860,CUST-00331,564.04,2025-10-30,East
TXN-003388,CUST-00350,32.01,2025-09-14,North 
TXN-001118,CUST-00211,39.10,2024-07-18,Central
TXN-003779,CUST-00184,20.11,2024-02-09,South
TXN-000896,CUST-00417,226.33,2024-04-15,Central
TXN-002491,CUST-00461,1201.45,2025-06-09,North
TXN-001064,CUST-00133,43.25,2024-10-21,Central
TXN-000743,CUST-00384,474.45,2024-12-15,South
TXN-002815,CUST-00219 ,105.73,2025-01-22,West
TXN-001660,CUST-00308,367.62,2024-04-28,Central
TXN-003338,CUST-00060,1346.19,2025-05-05,North
TXN-002553,CUST-00066,38.93,2025-06-11,South
TXN-002464,CUST-00259,243.94,2024-09-15,Central
TXN-003676,CUST-00074,39.83,2024-05-03,Central
TXN-000116,CUST-00464,143.90,2025-10-30,South
TXN-003769,CUST-00200,57.50,2024-11-22,North
TXN-001233,CUST-00485,41.72,2024-08-11,East
TXN-003511,CUST-00101,1333.16,2024-05-30,North
TXN-000612,CUST-00383,278.47,2025-06-08,Central
TXN-001028,CUST-00076,199.96,2024-02-09,East
TXN-001293,CUST-96295,35.97,2025-04-10,East
TXN-001531,CUST-00256,1278.33,2025-03-27,Central
TXN-004284,CUST-00176,93.94,2025-11-23,North
TXN-000271,CUST-00273,249.46,2025-12-02,North
TXN-002857,CUST-00103,737.87,2025-09-08,West
TXN-004239,CUST-00081,95.59,2024-10-04,North
TXN-003074,CUST-00043,54.83,2024-01-07,West
TXN-004180,CUST-00152,633.65,2024-09-21,North
TXN-000221,CUST-00373,66.35,2024-08-02,West
TXN-004032,CUST-00241,236.41,2024-10-27,East
TXN-003634,CUST-00226,502.16,2025-10-15,West
TXN-002385,CUST-00021,62.28,2025-10-08,East
TXN-003146,CUST-00322,152.28,2024-07-06,Central
TXN-001877,CUST-00411,216.27,2024-10-05,Central
TXN-004657,CUST-00288,130.64,2025-03-12,North
TXN-001512,CUST-00022,102.54,2025-07-27,South
TXN-002991,CUST-00351,31.31,2024-06-14,Central
TXN-002656,CUST-00156,732.17,2024-07-11,N
TXN-001903,CUST-00417,96.15,2025-03-10,Central
TXN-003178,CUST-00083,173.98,2024-11-22,Central
TXN-003729,CUST-00184,29.21,2024-07-04,South
TXN-001099,CUST-00412,96.45,2024-05-26,South
TXN-001923,CUST-00088,52.31,2024-05-17,West
TXN-004797,CUST-00473,285.41,2025-11-22,West
TXN-001656,CUST-00288,35.75,2025-06-04,North
TXN-004337,CUST-00110,239.50,2024-07-05,South
TXN-000010,CUST-00110,375.24,2025-09-26,south
TXN-004233,CUST-00018,217.95,2025-01-14, North
TXN-004817,CUST-00252,93.75,2024-06-06,North
TXN-004994,CUST-00226,394.10,2024-06-14,West
TXN-001285,CUST-00140,16.71,2024-06-24,West
TXN-000261,CUST-00184,92.04,2025-04-24,South
TXN-000783,CUST-00092,1302.87,2024-03-18,East
TXN-000807,CUST-00184,74.31,08/08/2025,South
TXN-003336,CUST-00435,90.97,2025-08-13,North
TXN-000831,CUST-00468,70.62,2025-01-02,EAST
TXN-000858,CUST-00414,16.94,2024-09-06,north
TXN-000199,CUST-00299,450.99,2025-11-16,West
TXN-000466,CUST-00299,37.99,2025-02-18,West
TXN-000627,CUST-00367,44.76,2025-12-04,North
TXN-000798,CUST-00252,373.03,2024-01-22,North
TXN-003796,CUST-00414,121.33,2024-07-05,North
TXN-004154,CUST-98545,112.83,2024-08-04,South
TXN-002528,CUST-00414,28.40,2025-05-04,North
TXN-002698,CUST-00106,931.91,2025-09-22,East
TXN-004515,CUST-00427,244.59,2024-12-25,EAST
TXN-000120,CUST-00336,48.68,2025-04-24,East
TXN-003058,CUST-00366,184.65,2024-01-02,NORTH
TXN-002550,CUST-00347,175.26,2025-02-26,West
TXN-002500,CUST-00354,232.22,2025-07-29,North
TXN-000169,CUST-98466,18.59,2025-08-04,North
TXN-002681,CUST-00370,42.83,2025-03-19,South
TXN-002595,CUST-00143,28.08,2024-10-27,North
TXN-000064,CUST-00417,37.82,2024-12-03,Central
TXN-002120,CUST-00444,356.23,2024-07-17,West
TXN-003169,CUST-00281,42.68,2024-07-11,Central
TXN-001704,CUST-00083,49.33,2024-08-30,Central
TXN-002639,CUST-00109,611.40,2025-07-17,West
TXN-002641,CUST-00184,90.57,2025-05-10,South
TXN-004358,CUST-00195,65.21,2024-11-30,East
TXN-001784,CUST-94280,816.54,2025-02-28,Central
TXN-001840,CUST-00109,189.28,2025-11-24,Central
TXN-002380,CUST-00288,36.34,2024-11-12,North
TXN-004390,CUST-00398,125.59,2024-01-04,Central
TXN-002858,CUST-00469,92.90,2025-07-23,Central
TXN-004707,CUST-00292,1298.03,2024-11-24,South
TXN-003553,CUST-00039,460.35,2024-02-29,Central
TXN-001909,CUST-00247,170.14,2024-05-25,Central
TXN-001550,CUST-00366,244.50,2025-12-29,North
TXN-004653,CUST-00299 ,352.14,2025-12-02,West
TXN-002346,CUST-00043,219.31,2024-11-11,West
TXN-002637,CUST-00208,24.52,2025-05-10,West
TXN-001373,CUST-00114,40.72,2024-01-16,North
TXN-000074,CUST-00422,101.64,2025-05-08,North
TXN-004132,CUST-00019,223.17,2024-07-12,North
TXN-002529,CUST-00080,43.50,2024-02-10,East
TXN-003399,CUST-00476,555.48,2024-11-08,
TXN-003384,CUST-00146,666.21,2024-03-31,Central
TXN-000099,CUST-00248,49.00,2025-05-24,South
TXN-003987,CUST-00449,33.72,2024-04-04,East
TXN-001798,CUST-00495,32.03,2025-04-28,South
TXN-001369,CUST-00180,48.27,2025-12-24,Central
TXN-002567,CUST-00444,93.78,01/01/2024,West
TXN-003550,CUST-00141,1340.89,2024-08-02,East
TXN-003347,CUST-00411,244.00,2024-08-25,Central
TXN-001612,CUST-00278,359.86,2025-10-24,Central
TXN-002926,CUST-00268,779.60,2024-04-17,West
TXN-003907,CUST-00180,92.83,2025-05-04,Central
TXN-004076,CUST-00310,427.76,2025-02-28,Central
TXN-000543,CUST-00470,437.56,2024-09-05,North
TXN-004465,CUST-00331,195.58,2025-10-29,East
TXN-002027,CUST-00073,534.18,2024-06-03,North
TXN-000182,CUST-00181,58.73,2025-11-11,Central
TXN-001308,CUST-00226,256.19,2024-01-04,West
TXN-002636,CUST-00192,113.97,2024-04-28,North
TXN-002892,CUST-00080,544.90,2025-07-02,East
TXN-004409,CUST-00431,76.60,2025-10-07, North
TXN-001717,CUST-00200,15.82,2024-05-26,South
TXN-000928,CUST-00145,223.96,2024-02-20,Central
TXN-001328,CUST-00346,61.58,2024-10-15,West
TXN-004601,CUST-00218,34.83,2024-07-21,South
TXN-002781,CUST-00031,619.53,2025-05-16,East
TXN-000184,CUST-00143,124.44,2024-04-28,North
TXN-002159,CUST-00121,47.10,2024-11-12,West
TXN-000418,CUST-00197,113.18,2024-07-16,East
TXN-003490,CUST-00074,937.91,2024-08-11,Central
TXN-002298,CUST-273,548.00,2025-11-16,North
TXN-004080,CUST-00204,449.65,2024-05-24,South
TXN-002348,CUST-00437,57.58,2025-09-06,South
TXN-004467,CUST-469,100.72,2024-10-12,Central
TXN-003367,CUST-00134,29.48,2024-11-09,East
TXN-001605,CUST-00245,309.33,2024-12-06,South
TXN-000321,CUST-00259,128.56,2025-09-13,Central
TXN-001449,CUST-00252,102.98,2025-08-11,North
TXN-000121,CUST-00039,116.72,2025-04-09,Central
TXN-000284,CUST-00298,,2025-12-25,North
TXN-002040,CUST-00156,38.54,2024-01-17,North
TXN-001657,CUST-00369,22.29,2025-12-11,West
TXN-003539,CUST-00434,202.52,2025-04-21,South
TXN-003370,CUST-00272,237.04,2024-12-13,East
TXN-003806,CUST-00143,40.42,2024-10-07,Central
TXN-001692,CUST-00381,230.33,2025-08-05,Central
TXN-003311,CUST-00093,95.23,2025-08-31,East
TXN-000105,CUST-00124,18.96,2025-08-30,Central
TXN-002931,CUST-00456,43.30,2025-09-25,North
TXN-004013,CUST-00110,1377.70,2024-08-02,South
TXN-000348,CUST-00309,226.77,2025-03-02,North
TXN-004859,CUST-00188,61.97,2025-03-19,South
TXN-004969,CUST-00226,33.33,2025-02-16,West
TXN-002220,CUST-00226,50.04,2024-04-03,west
TXN-001490,CUST-00400,615.38,2025-03-24,West
TXN-001689,CUST-00173,382.15,2024-01-05,North
TXN-001841,CUST-00282,509.25,2024-06-25,Central
TXN-003187,CUST-00054,508.96,2024-01-12,South
TXN-003218,CUST-00226,1436.76,2025-10-23,West
TXN-002687,CUST-00217,117.66,2024-04-19,North
TXN-001353,cust-00200,17.59,2025-04-20,North
TXN-004974,CUST-00092,244.09,2025-06-15,East
TXN-000633,CUST-00322,367.93,2024-10-09,Central
TXN-002313,CUST-00040,495.58,2025-04-18,North
TXN-003690,CUST-00176,,2024-10-30,North
TXN-003473,CUST-00063,1098.99,2024-10-14,North
TXN-002872,CUST-00216,675.06,2024-06-27,North
TXN-002146,CUST-00458,882.47,2024-04-28,South
TXN-000970,CUST-00358,256.67,2024-10-10,South
TXN-001084,CUST-00062,216.98,2025-08-18,Central
TXN-001672,CUST-00214,1374.58,2025-07-13,South 
TXN-001787,CUST-00494,113.82,2025-08-01,North
TXN-003026,CUST-00288,1345.40,2025-05-04,North
TXN-001659,CUST-00462,1178.11,2025-12-16,East
TXN-001396,CUST-00263,302.47,2025-06-04,North
TXN-001115,CUST-00133,234.74,2025-08-24,Central
TXN-002064,CUST-00368,1075.82,2025-12-11,West
TXN-001370,CUST-00117,34.75,2025-05-19,North
TXN-003448,CUST-00379,21.49,2024-07-06,East
TXN-004549,CUST-00347,37.45,2024-12-16,West
TXN-001800,CUST-00269,429.88,2024-04-12,Central
TXN-002632,CUST-00252,775.76,2025-01-12,North
TXN-003196,CUST-00327,62.88,2025-11-28,South
TXN-001847,CUST-00366,143.80,2025-02-16,North
TXN-000323,CUST-00249,1365.35,2024-04-21,West
TXN-000594,CUST-00110,17.49,2024-07-18,South
TXN-002476,CUST-00203,332.40,2025-10-31,West
TXN-004564,CUST-00184,18.11,2024-02-26,South
TXN-002129,CUST-00030,263.79,2024-05-17,Central
TXN-004672,CUST-00077,82.76,2025-02-21,West
TXN-000043,CUST-00156,441.77,2024-06-16,North
TXN-002131,CUST-00243,158.80,2024-01-04,West
TXN-004378,CUST-00325,586.65,2025-09-02,South
TXN-003423,CUST-00360,,2025-10-15,South
TXN-004819,CUST-00219,452.51,2025-06-25,West
TXN-001833,CUST-93849,172.61,2024-05-26,Central
TXN-004257,CUST-00280,66.67,2024-07-11,W
TXN-004883,CUST-00353,39.17,2025-09-27,South
TXN-000494,cust-00102,52.84,2024-04-01,East
TXN-002446,CUST-00427,530.54,2024-04-18,East
TXN-000811,CUST-00432 ,42.20,2025-06-15,East
TXN-000260,CUST-00235,32.40,2024-01-23,North
TXN-000810,CUST-00060,122.89,2025-11-08,East
TXN-001194,CUST-00159,725.37,2025-10-03,North
TXN-000438,CUST-00295,899.97,2025-04-11,Central
TXN-001207,CUST-00448,251.89,2024-01-05,East
TXN-001206,CUST-00500,29.87,2024-01-23,East
TXN-003258,CUST-00380,93.12,2024-11-20,Central
TXN-001778,CUST-00125,159.93,31/01/2024,South
TXN-003060,cust-00089,149.55,2024-07-11,South
TXN-002494,CUST-00324,581.48,2025-03-06,South
TXN-002078,CUST-00327,84.67,2025-04-09,South
TXN-004727,CUST-00070,484.54,2025-01-26,Central
TXN-001716,CUST-00272,983.40,2025-04-10,East
TXN-001945,CUST-00474,557.98,2024-01-07,South
TXN-003883,CUST-00178,40.55,2025-10-08,West
TXN-003526,CUST-00340,1311.92,2025-08-11,Central
TXN-000140,CUST-00325,38.40,2025-11-04,South
TXN-000589,CUST-00199,20.03,2024-12-02,Central
TXN-002216,CUST-00370,213.38,2025-10-20,South
TXN-004437,CUST-00429,88.31,2025-06-10,North
TXN-003711,CUST-00427,228.19,2024-10-16,East
TXN-004842,CUST-00381,200.32,2025-07-15,Central
TXN-004976,CUST-00108,855.48,2024-05-26,East
TXN-002495,cust-00417,47.14,2024-06-19,Central
TXN-001387,CUST-00273,75.95,2024-04-25,North
TXN-004975,CUST-00338,175.81,2024-04-09,East
TXN-002618,CUST-00318,330.33,2024-06-28,West
TXN-004772,CUST-00346,884.41,2024-01-26,West
TXN-004316,CUST-00121,524.84,2025-10-26,West
TXN-003694,CUST-00066,1301.56,2025-01-06,South
TXN-004729,CUST-00417,418.37,2024-02-05,Central
TXN-003945,CUST-00427,-113.34,2025-01-30,East
TXN-001604,CUST-00076,23.14,2025-02-06,East
TXN-002196,CUST-00169,286.84,2024-04-05,North
TXN-000727,CUST-00240,253.57,2025-10-26,South
TXN-002222,CUST-00025,23.09,2025-11-08, East
TXN-004377,CUST-00214,44.24,2025-12-12,
TXN-004864,CUST-00332,40.75,2025-04-14,North
TXN-003687,CUST-00059,17.64,2024-11-06,Central
TXN-000510,CUST-00288,23.61,2024-03-15,North
TXN-003433,CUST-00412,24.33,2024-12-18,North
TXN-003264,CUST-00495,131.32,2025-08-17,South
TXN-000564,CUST-00324,108.71,2024-01-17,South
TXN-003882,CUST-00273,241.64,2024-05-24,North
TXN-004619,CUST-00252,134.29,2025-02-02,North
TXN-003324,CUST-00308,1297.25,2025-09-20,Central
TXN-000269,CUST-00166,154.06,2025-07-07,North
TXN-003624,CUST-90223,95.18,2025-08-14,East
TXN-004101,CUST-00007,41.11,2024-05-22,Central
TXN-003669,CUST-00299,545.44,2024-10-20,West
TXN-000523,CUST-00401,18.69,2025-02-12,Central
TXN-004137,CUST-00049,1052.60,2024-12-14,Central
TXN-002533,CUST-00413,1434.27,2025-04-27,South
TXN-000613,CUST-00283,808.56,2025-07-30,West
TXN-002622,CUST-00458,174.93,2025-01-08,South
TXN-004887,CUST-00097,369.19,2024-11-09,Central
TXN-003366,CUST-00117,552.52,2024-04-13, North
TXN-004547,CUST-00292,418.60,2025-07-17, South
TXN-004210,CUST-00107,20.07,2024-06-18,East
TXN-003012,CUST-00184,56.83,2025-12-04,South
TXN-001201,CUST-00298,32.03,15/11/2025,North
TXN-003030,CUST-00275,226.67,2025-12-03,North
TXN-000725,CUST-00427,538.12,2025-04-03,East
TXN-000324,CUST-00237,84.97,2024-07-09,North
TXN-000038,CUST-00249,694.76,2025-03-07,West
TXN-002985,CUST-00287,161.75,2025-07-17,West
TXN-002673,CUST-00369,1329.86,2024-09-18,West
TXN-001152,CUST-00259,216.67,2025-11-14,Central
TXN-001430,CUST-00096,47.38,2024-12-16,North
TXN-000935,CUST-00195,1093.15,2024-09-27,East
TXN-004167,CUST-00366,461.35,2025-03-30,North
TXN-004847,CUST-00296,208.04,2024-01-23,North
TXN-003549,CUST-00055,889.03,2025-04-16,W
TXN-004965,CUST-00481,23.68,2024-09-28,South
TXN-000834,CUST-00479,90.17,2025-06-07,Central
TXN-000480,CUST-00415,882.37,2024-12-08,West
TXN-000794,CUST-00270,232.34,2025-07-16,North
TXN-001525,CUST-00015,1203.35,2024-04-27,East
TXN-000201,CUST-00083,476.04,2024-10-31,Central
TXN-002983,CUST-00194,398.01,2025-11-16,North
TXN-001953,CUST-00016,641.84,2024-10-02,West
TXN-001534,CUST-00278,242.02,2025-06-01,Central
TXN-003454,CUST-00154,259.00,2024-02-11,Central
TXN-002773,CUST-00156,706.01,2025-09-16,N
TXN-003534,CUST-00495,16.46,2024-05-25,South
TXN-002114,CUST-00338,214.60,2024-06-01,East
TXN-002087,CUST-00354,587.54,2025-09-01,North
TXN-003922,CUST-00418,88.40,2024-02-26,E
TXN-004326,CUST-00126,39.76,,Central
TXN-004948,CUST-00308,274.91,2025-04-09,Central
TXN-004490,CUST-00114,399.36,2025-07-13,North
TXN-000172,CUST-00126,407.96,2025-06-25,West
TXN-004848,CUST-00356,16.24,2024-02-14,West
TXN-000159,CUST-00169,187.20,2025-06-30,North
TXN-001391,CUST-00330,984.23,2024-11-17,West
TXN-004663,CUST-00035,554.17,2025-04-01,South
TXN-002768,CUST-00481,96.42,2024-06-14,South
TXN-004738,CUST-00364,238.43,2025-11-23,South
TXN-002225,CUST-00429,109.47,2024-03-09,North
TXN-001558,CUST-00235,93.38,2025-05-13,North
TXN-003310,CUST-00478,98.72,2025-06-24,East
TXN-001247,CUST-00168,21.60,2024-11-05,West
TXN-000018,CUST-00444,405.65,2025-03-16,West
TXN-000574,CUST-00406,229.10,2025-01-23,Central
TXN-004584,CUST-00006,48.29,2025-05-03,East
TXN-004469, CUST-00038,457.18,2024-08-18,South
TXN-001893,CUST-00040,991.99,2024-03-03,North
TXN-002357,CUST-00066,32.83,2025-09-27,North
TXN-000253,CUST-00199,41.01,2024-09-09,Central
TXN-000636,CUST-00241,153.95,2024-01-19,East
TXN-003123,CUST-00080,608.38,2025-03-15,East
TXN-000623,CUST-00062,20.79,2024-05-22,Central
TXN-003021,CUST-00126,219.99,2025-09-14,Central
TXN-002041,CUST-00361,135.67,2025-10-14,East
TXN-001139,CUST-00066,45.49,2024-09-02,South
TXN-004238,CUST-00289,1412.55,2025-12-16,North
TXN-001128,CUST-00449,355.48,2025-12-12,East
TXN-001372,CUST-00080,52.08,2025-03-12,East
TXN-004905,CUST-00461,533.44,2025-02-12,Central
TXN-003443,CUST-00281,491.52,2024-02-10,East
TXN-004807,CUST-00081,121.00,2025-06-03,North
TXN-002709,CUST-00249,29.19,2025-05-15,West
TXN-001257,CUST-00299,779.64,2025-06-19,West
TXN-002511,CUST-00385,224.18,2024-06-16,West
TXN-001410,CUST-00272,60.70,2024-11-02,East
TXN-000800,CUST-00144,426.80,2024-09-01,North
TXN-000278,CUST-00103,521.05,2024-06-07,West
TXN-001755,CUST-00291,189.90,2024-12-27,East
TXN-000685,CUST-00378,40.26,2025-10-11,Central
TXN-000676,CUST-00338,102.77,2025-05-03,East
TXN-000801,CUST-00051,34.24,2024-08-06,East
TXN-000181,CUST-00091,148.12,2024-01-28,Central
TXN-002576,CUST-00165,1058.62,2025-04-28,Central 
TXN-000277,CUST-00023,103.85,2025-01-21,East
TXN-000295,CUST-00125,452.80,2024-01-14,South
TXN-000093,CUST-00375,73.68,2024-12-28,North
TXN-004345,CUST-00407,354.07,,South
TXN-001470,CUST-00266,1315.27,2025-02-11,Central
TXN-004142,CUST-00044,812.13,2024-06-10,Central
TXN-004262,CUST-00116,87.12,2024-07-10,East
TXN-004922,CUST-00427,294.36,2025-07-14,East
TXN-000142,CUST-00035,45.53,2025-01-24,South
TXN-003145,CUST-00413,403.25,2024-01-03,South
TXN-003198,CUST-00162,47.48,2025-04-11,West
TXN-002324,CUST-00332,79.30,2025-10-16,North
TXN-002035,CUST-00086,217.92,2024-10-23,West
TXN-003636,CUST-00406,32.66,2024-10-01,Central
TXN-001395,CUST-00273,53.64,2025-08-13,North
TXN-003136,CUST-00285,82.58,2024-02-19,west
TXN-002000,CUST-00304,117.62,2024-10-19,North
TXN-002396,CUST-00143,1229.12,2025-11-30,North
TXN-001538,CUST-00404,432.17,2025-08-26,EAST
TXN-000474,CUST-00083,42.35,2025-08-28,Central
TXN-002492,CUST-00051,462.77,2024-06-13,E
TXN-002789,CUST-00251,194.96,2024-03-13,Central
TXN-000090,CUST-00387,49.26,2024-03-03,North
TXN-004392,CUST-00411,189.41,2025-08-20,CENTRAL
TXN-003767,CUST-00043,1075.40,2025-04-05,West
TXN-000024,CUST-00013,38.83,2025-11-17,North
TXN-003420,CUST-00121,40.84,2025-10-16,West
TXN-002536,CUST-00434,818.74,2025-01-09,South
TXN-002415,CUST-00398,96.51,2024-10-14,Central
TXN-002539,CUST-00460,551.91,2025-01-30,South
TXN-002979,CUST-00161,79.88,2025-11-18,West
TXN-003828,CUST-00420,48.23,2025-11-29,North
TXN-004195,CUST-00103,447.76,2025-05-14,West
TXN-003036,CUST-00172,143.58,2025-05-28,South
TXN-004608,CUST-00477,73.25,2025-07-01,North
TXN-003269,CUST-00179,44.63,2024-04-01,West
TXN-002231,CUST-00023,1116.02,2025-06-12,East
TXN-001679,CUST-00296,435.34,2024-01-20,North
TXN-003904,CUST-00210,280.47,2024-05-01,North
TXN-000132,CUST-00054,51.52,2024-01-21,South
TXN-002552,CUST-00460,490.90,2024-05-23,South
TXN-000487,cust-00282,755.93,2025-04-05,Central
TXN-002032,CUST-00175,149.01,2024-10-17,West 
TXN-003108,CUST-00040,86.73,,North
TXN-000824,CUST-00494,49.52,2024-10-13,North
TXN-000635,CUST-00219,210.97,2025-06-13,West
TXN-001849,CUST-00252,35.98,2024-12-25,North
TXN-001159,CUST-00214,70.29,2025-11-14,South
TXN-001546,CUST-00132,1170.60,2024-09-30,East
TXN-002144,CUST-00043,1434.71,2025-06-19,West
TXN-000770,CUST-00430,268.09,2025-12-04,South
TXN-000262,CUST-00383,116.27,2024-03-17,
TXN-002677,CUST-00074,124.75,2024-08-27,Central
TXN-003239,CUST-00121,450.97,2024-09-14,West
TXN-001142,CUST-00184,672.88,2024-07-23,South
TXN-001528,CUST-00148,412.91,2024-12-23,North
TXN-000822,CUST-00093,251.08,2025-05-08,South
TXN-002038,CUST-00354,262.73,2024-06-28,North
TXN-001896,CUST-00206,104.70,2025-10-26,North
TXN-000243,CUST-00214,32.42,2025-07-13,South
TXN-002612,CUST-00153,48.19,2024-12-24,East
TXN-000881,CUST-00364,26.62,2025-09-08,South
TXN-002072,CUST-00414,125.41,2025-11-24,North
TXN-004788,CUST-00167,236.74,2025-04-17,Central
TXN-001080,CUST-00152,1072.51,2025-03-18,North
TXN-003252,CUST-00459,560.67,2025-07-30,North
TXN-004486,CUST-00385,53.97,2025-01-26,West
TXN-000776,CUST-00003,214.94,2024-02-14,south
TXN-000819,CUST-00126,1281.51,2025-05-18,Central
TXN-003499,CUST-00223,82.81,2024-12-16,West
TXN-003349,CUST-00021,504.15,2025-01-14,East
TXN-001027,CUST-00413,36.14,2024-10-20,South
TXN-002328,CUST-00385,192.43,2024-11-02,West
TXN-002928,CUST-00169,276.70,2025-11-25,North
TXN-001731,CUST-00032,80.02,2025-12-23,North
TXN-001845,CUST-00029,,2024-02-14,South
TXN-002901,CUST-00481,41.62,2024-10-15,South
TXN-000431,CUST-00288,1404.06,2024-07-21,North
TXN-003087,CUST-00251,44.50,2024-05-30,Central
TXN-001283,CUST-00161,256.41,2025-03-07,West
TXN-002706,CUST-00495,373.78,2025-05-01, South
TXN-004000,CUST-00439,995.53,2025-12-27,West
TXN-002136,CUST-174,512.98,2024-02-03,South
TXN-003244,CUST-00322,513.08,2025-06-13,Central
TXN-000742,CUST-00324,61.98,2025-11-27,South
TXN-000134,CUST-00366,87.57,2025-08-22,North
TXN-000921,CUST-00444,456.17,2024-06-06,West
TXN-001203,CUST-00046,48.95,2025-02-11,North
TXN-000729,CUST-00166,80.56,2025-04-07,North
TXN-000257,CUST-00028,194.05,2025-12-04,East
TXN-004050,CUST-00392,1317.42,2025-10-06,Central
TXN-002525,CUST-00350,79.81,2025-10-08,North
TXN-003696,CUST-00444,91.59,2024-10-17,West
TXN-003884,CUST-00141,50.28,2024-05-29,East
TXN-003038,CUST-00309,1144.78,2024-04-02,North
TXN-003304,CUST-00076,257.06,2025-04-06,east
TXN-004962,CUST-00322,1381.91,2025-06-05,Central
TXN-004869,CUST-00461,179.96,2024-07-29,East
TXN-003708,CUST-00080,601.90,2025-03-16,East
TXN-001505,CUST-90568,551.12,2024-03-30,South
TXN-003403,CUST-00134,156.15,2025-07-16,East
TXN-003221,CUST-00339,52.97,2025-06-10,Central
TXN-002809,CUST-00272,76.57,2024-09-01,East
TXN-004152,CUST-00273,126.71,2024-02-23,North
TXN-004237,CUST-00171,270.43,2024-05-07,West
TXN-004639,CUST-00068,175.80,2024-03-12,West
TXN-003835,CUST-00343,186.63,2025-01-29,Central
TXN-004109,CUST-00005,202.59,2024-12-25,West
TXN-004626,CUST-00256,510.97,2024-05-03,South
TXN-000373,CUST-00033,47.71,2024-08-06,West
TXN-004483,CUST-00123,40.05,2025-01-11,South
TXN-003506,CUST-00182,60.33,2024-03-06,North
TXN-001082,CUST-00409,193.53,2025-10-11,West
TXN-004235,CUST-00083,153.17,2025-08-13,Central
TXN-003354,CUST-00272,42.97,2024-02-21,East
TXN-001256,CUST-00251,132.27,2025-09-21,Central
TXN-003932,CUST-00317,1229.40,2024-11-24,South
TXN-004808,CUST-00346,410.79,2025-07-20,WEST
TXN-000655,CUST-00156,97.80,2025-02-16,North
TXN-002694,CUST-00080,1252.99,2024-10-23,East
TXN-000889,CUST-00234,195.37,2024-02-27,East
TXN-001568,CUST-00126,1215.68,2024-10-24,Central
TXN-002829,CUST-272,184.40,2024-04-03,East
TXN-002374,CUST-00411,263.15,2025-02-12,Central
TXN-002826,CUST-00322,1011.22,2025-02-06,Central
TXN-004823,CUST-98090,1245.19,2024-08-16,East
TXN-002434,CUST-00324,253.92,2025-03-05,South
TXN-004329,CUST-00126,244.17,2025-01-27,Central
TXN-004932,CUST-00126,108.85,2025-04-10,Central
TXN-002779,CUST-00229,413.93,2025-07-26,East
TXN-004735,CUST-00261,110.84,2024-01-09,EAST
TXN-000555,CUST-00133,540.94,2025-07-27,Central
TXN-001688,CUST-00226,46.69,2025-05-09,West
TXN-001574,CUST-00153,189.62,2024-12-08,East
TXN-003209,CUST-00007,1144.72,2024-08-16,Central
TXN-000246,CUST-00121,73.58,2024-11-08,West
TXN-002904,CUST-00028,463.80,2024-04-19,East
TXN-004442,CUST-00116,174.22,2025-03-17,East
TXN-003083,CUST-00219,42.17,2025-08-17,West
TXN-000296,CUST-00317,1319.36,2024-04-22,South
TXN-002198,CUST-00287,91.17,2024-11-26,West 
TXN-000590,CUST-00128,470.21,2025-01-18,South
TXN-001471,CUST-00475,118.12,2024-07-15,South
TXN-001486,CUST-00288,1240.59,2024-05-14,North
TXN-004495,CUST-00318,521.00,2025-06-06,West
TXN-000111,CUST-00099,16.81,2025-03-29,central
TXN-001149,CUST-00065,656.78,2025-01-12,North
TXN-004396,CUST-00398,73.21,2024-11-22,Central
TXN-004746,CUST-00042,75.13,2025-12-07,West
TXN-004247,CUST-00371,887.89,2024-06-19,Central
TXN-002824,CUST-00382,80.71,2024-12-01,East
TXN-001435,CUST-00445,60.62,2025-06-12,South
TXN-002333,CUST-00088,559.96,2025-01-30,West
TXN-002905,CUST-00280,238.31,2024-12-31,West
TXN-002839,CUST-00259,1313.92,2025-08-24,Central
TXN-004286,CUST-00129,76.55,2025-08-18,Central
TXN-004904,CUST-00038,83.26,2025-10-30,South
TXN-000603,CUST-00049,1420.73,2024-05-17,Central
TXN-000857,CUST-00389,45.42,2024-08-02,West
TXN-002469,CUST-00373,131.13,2024-02-29, West
TXN-002950,CUST-00291,60.44,2024-12-18,East
TXN-002973,CUST-00281,29.49,2024-06-22,Central 
TXN-003664,CUST-00088,415.23,2024-08-17,West
TXN-001097,CUST-00434,902.34,2025-04-19,
TXN-004668,CUST-00112,453.64,2024-04-05,East
TXN-003383,CUST-00110,106.65,2025-02-11,South
TXN-003823,CUST-00040,220.16,2024-09-09,North
TXN-002089,CUST-00444,41.14,2025-05-27,west
TXN-001459,CUST-00422,509.85,2024-09-27,South
TXN-004736,CUST-00347,112.05,2024-05-11,West
TXN-000433,CUST-00110,48.48,2024-03-15,South
TXN-001713,CUST-00143,278.79,2025-06-29,North
TXN-003229,CUST-00485,474.21,2025-05-08,East
TXN-002850,CUST-00453,545.07,2024-12-17,West
TXN-001071,CUST-00441,322.11,2025-08-29,North
TXN-000165,CUST-00259,,2025-03-22,Central
TXN-002772,CUST-00444,561.55,2025-04-13,West
TXN-002312,CUST-00493,257.65,2025-11-26,South
TXN-002160,CUST-00446,1261.49,2024-06-12,West
TXN-000808,CUST-00273,225.19,2025-03-20,North
TXN-000435,CUST-00128,343.76,15/02/2025,South
TXN-003640,CUST-00175,195.24,2025-01-10,West
TXN-003742,CUST-00392,19.40,2024-07-16,Central
TXN-001291,CUST-00346 ,1394.15,2025-04-01,West
TXN-003280,CUST-00105,839.06,2025-07-04,North
TXN-003227,CUST-00130,1086.83,2025-10-06,West
TXN-003919,CUST-00208,219.93,2025-06-17,West
TXN-002259,CUST-00247,707.00,2025-01-26,
TXN-001822,CUST-00423,507.78,2025-04-16,Central
TXN-003818,CUST-00391,35.28,2024-06-25,Central
TXN-001721,CUST-00186,245.96,2024-11-16,South
TXN-004646,CUST-00012,90.25,2025-12-18,South
TXN-003554,CUST-00250,1166.37,2025-04-26,EAST
TXN-001830,CUST-00184,798.35,2024-09-24, South
TXN-001425,CUST-00254,146.63,2025-11-15,Central
TXN-003457,CUST-00443,175.97,2024-05-21,East
TXN-001862,CUST-00278,132.35,2024-07-18,Central
TXN-002718,CUST-00447,1385.00,2024-11-18,Central
TXN-003407,CUST-00004,226.54,2025-09-10,Central
TXN-004140,CUST-00190,227.71,2024-04-17,West
TXN-001240,CUST-00174,115.18,2025-02-15,South
TXN-002757,CUST-00219,55.50,2025-03-28,West
TXN-004093,CUST-00373,126.57,2024-03-12,West
TXN-003991,CUST-00143,60.44,2024-02-01,North
TXN-001929,CUST-00129,87.06,2025-10-06,Central
TXN-001349,CUST-00324,530.28,2024-05-16,South
TXN-002098,CUST-00467,103.86,2025-08-30,South
TXN-001661,CUST-00411,1184.71,2024-11-02,Central
TXN-002264,CUST-00121,26.58,2025-03-15,West
TXN-001155,CUST-00098,77.05,2025-07-09,East
TXN-001286,CUST-00182,561.44,2025-03-04,North
TXN-000782,CUST-00039,41.22,2024-12-06,Central
TXN-003900,CUST-00226,1298.05,2025-05-15,West
TXN-003983,CUST-00074,610.00,2024-01-25,central
TXN-000270,CUST-00011,44.82,2024-02-04,C
TXN-001479,CUST-00473,564.90,2024-01-28,West
TXN-003504,CUST-00495,59.05,2024-07-06,South
TXN-001900,CUST-00219,835.54,2024-03-05,west
TXN-003248,CUST-00018,326.33,2024-04-04,North
TXN-000670,CUST-00120,194.98,,North
TXN-001736,CUST-00057,621.25,2025-12-12,North
TXN-003371,CUST-00493,95.26,2025-10-26,South
TXN-002450,CUST-00030,42.94,2024-08-19, Central
TXN-004671,CUST-00382,40.54,2025-05-27,East
TXN-002975,CUST-00161,870.60,2025-07-17,West
TXN-003562,CUST-00299,193.09,2024-12-23,West
TXN-001013,CUST-00362,496.82,2025-04-21,W
TXN-004758,CUST-00206,1068.51,2025-11-15,North
TXN-003476,CUST-00398,85.32,2024-12-06,West
TXN-000498,CUST-00411,1354.90,2025-03-17,Central
TXN-001073,CUST-00004,45.07,2024-04-19,Central 
TXN-004682,CUST-00449,129.81,2025-09-25,East
TXN-000758,CUST-00177,140.24,2025-05-14,North
TXN-004130,CUST-00218,274.81,2025-04-14,South
TXN-004862,CUST-00299,1349.20,2024-12-01,West
TXN-003619,CUST-00028,50.67,2024-04-30,East
TXN-003101,CUST-00412,19.82,2025-09-24,South
TXN-000765,CUST-00043,928.79,2024-12-21,West
TXN-004631,CUST-00363,100.52,2024-12-29,West
TXN-001941,CUST-00040,530.60,2025-12-27,North
TXN-004292,CUST-00299,34.16,2025-06-25,West
TXN-001086,cust-00324,620.07,2024-09-13,South
TXN-001475,CUST-00489,1252.50,2024-08-10,East
TXN-004726,CUST-00197,467.45,2024-07-12,East
TXN-001157,CUST-00388,1061.36,2024-04-09,West
TXN-001856,CUST-00225,465.50,2024-07-06,Central
TXN-002692,CUST-00401,1383.41,2024-07-13,Central
TXN-000588,CUST-00307,215.17,2024-04-10,Central
TXN-000103,CUST-00129,279.67,2024-04-02,Central
TXN-002016,CUST-00342,608.81,2025-02-24,East
TXN-001166,CUST-00324,267.76,2024-01-02,South
TXN-002063,CUST-00500,,2024-04-03,East
TXN-003858,CUST-00353,25.24,2024-10-31,South
TXN-002761,CUST-00121,32.34,2025-08-25,West
TXN-003309,CUST-00282,29.99,2025-01-17,Central
TXN-003201,CUST-00064,406.54,2024-03-03,West
TXN-004771,CUST-00057,113.80,2025-04-27,North 
TXN-004572,CUST-00353,20.03,2024-06-09,South
TXN-004768,CUST-00111,318.68,2024-10-01,
TXN-000337,CUST-00239,25.53,,North
TXN-002784,CUST-00430,305.46,2024-04-16,South
TXN-001178,CUST-00184,95.45,2025-11-14, South
TXN-004967,CUST-00463,49.43,2024-07-04,Central
TXN-003316,CUST-00444,18.44,2025-07-22,West
TXN-001782,CUST-00252,181.07,2024-10-26,North
TXN-003885,CUST-00405,468.97,2025-11-18,
TXN-000047,CUST-00273,1046.78,2025-05-09,North
TXN-000591,CUST-00243,500.62,2024-04-11,West
TXN-002015,CUST-00015,105.08,2024-06-24,East
TXN-004680,CUST-00164,918.10,2025-02-25,East
TXN-003245,CUST-00019,75.01,2024-07-28,North
TXN-003056,CUST-1,116.39,2024-07-26,Central
TXN-004684,CUST-00495,17.81,2025-12-11,South
TXN-003565,CUST-00266,1346.68,2025-06-20,Central
TXN-002917,CUST-00422,48.92,2025-10-21,North
TXN-001728,CUST-00415,509.08,2024-05-04, West
TXN-004733,CUST-00263,92.02,2025-08-18,North
TXN-004472,CUST-00350,196.32,2024-11-05,North
TXN-002629,CUST-00161,431.76,2024-04-10,West
TXN-004796,CUST-00337,84.72,2025-12-03,North
TXN-003000,CUST-00189,1023.77,2024-07-15,West
TXN-000762,CUST-00244,578.02,2024-09-10,North
TXN-003004,CUST-00147,353.83,2024-12-28,South
TXN-001960,CUST-00108,40.73,2024-01-08,East
TXN-001858,CUST-00059,18.72,2025-12-19,Central
TXN-004314,CUST-00500,215.74,2025-11-21,East
TXN-003635,CUST-00107,1195.54,2024-01-17,East
TXN-002987,CUST-00407,486.24,2025-05-26,South
TXN-003048,CUST-00085,134.57,13/12/2024,West
TXN-004300,CUST-00069,-546.30,2024-12-26,South
TXN-002367,CUST-00493,48.04,2025-11-17,South
TXN-003551,CUST-00357,71.16,2024-05-13,North
TXN-002485,CUST-00076,929.68,2025-05-02,E
TXN-004279,CUST-00221,38.19,2025-05-21,North 
TXN-002652,CUST-00110,554.86,2024-02-22,South
TXN-001548,CUST-00243,22.77,2025-04-18,West
TXN-002315,CUST-00168,35.32,2024-08-09,West
TXN-004387,CUST-00072,512.41,2025-04-16,North
TXN-000195,CUST-00184,20.39,2025-12-19,South
TXN-002189,CUST-00346,66.13,2025-01-24,West
TXN-004407,CUST-00198,221.35,,North
TXN-000072,cust-00249,47.15,2025-08-23,West
TXN-002624,CUST-00169,69.71,2024-05-24,North
TXN-000036,CUST-00358,17.76,2025-08-21,South
TXN-002845,CUST-00417,37.59,2024-01-22,Central
TXN-002020,CUST-00276,170.46,2024-08-17,West
TXN-004991,CUST-00484,100.58,2025-03-09,South
TXN-002537,CUST-00362,296.99,2025-10-26,west
TXN-001447,CUST-00333,71.80,2024-03-05,West
TXN-000679,CUST-00423,250.56,2024-03-14,Central
TXN-000769,CUST-00433,1314.34,2024-09-19,North
TXN-003189,CUST-00259,103.43,2024-11-27,Central
TXN-003364,CUST-00493,90.63,2025-08-05,South
TXN-002889,CUST-00176,1065.12,2024-01-19,North
TXN-004963,CUST-00463,133.80,2024-07-08,Central
TXN-002300,CUST-00422,468.66,2024-10-17,N
TXN-004676,CUST-00474,22.75,2025-05-21,South
TXN-004562,CUST-00417,41.85,2024-03-09,Central
TXN-002823,CUST-00235,383.33,2024-08-07,North
TXN-001650,CUST-00490,32.05,2024-12-07,East
TXN-003377,CUST-00093,46.59,2025-07-26,South
TXN-004211,CUST-00465,35.12,2024-07-03,West
TXN-002022,CUST-00444,223.73,2025-07-25,West
TXN-002710,CUST-00094,115.41,2025-09-30,Central
TXN-004371,CUST-00112,32.56,2024-01-10,East
TXN-001821,CUST-00495,587.79,2024-06-09,South
TXN-003114,CUST-00193,346.16,2024-01-18,North
TXN-001565,CUST-00259,67.70,2024-06-12, Central
TXN-004918,CUST-00152,232.18,2025-12-09,North
TXN-001153,CUST-00090,519.31,2025-07-17,Central
TXN-000126,CUST-00076,-853.51,2024-12-13,East
TXN-000389,CUST-00324,46.80,2024-04-01,South
TXN-003893,CUST-00093,101.64,2024-07-29,South
TXN-000732,CUST-00435,556.56,2025-02-04,North
TXN-002271,CUST-00466,34.16,2024-05-12,East
TXN-001783,CUST-00420,80.66,2024-09-16,North
TXN-001398,CUST-00168,41.84,2024-07-20,West
TXN-002822,CUST-00378,225.62,2024-11-20,Central
TXN-000874,CUST-00001,283.86,2024-04-20,Central
TXN-004322,CUST-00462,584.93,2025-03-16,East
TXN-003301,CUST-00259,16.54,2024-03-22,central
TXN-002455,CUST-00287,217.49,2024-06-30,West
TXN-003394,CUST-00264,41.79,2025-12-12,Central
TXN-002273,CUST-00148,659.89,2025-12-26,North
TXN-002465,CUST-00131,206.26,2025-11-19,East
TXN-001392,CUST-00421,29.12,2025-04-30,East
TXN-002436,CUST-00421,322.90,2024-02-05,East
TXN-000185,CUST-00279,1109.33,2025-05-26,North
TXN-000796,CUST-00348,45.15,2024-05-17,East
TXN-001576,CUST-00411,100.38,2025-08-15,Central
TXN-003691,CUST-00469,39.33,2024-12-24,Central
TXN-004558,CUST-00444,167.77,2025-03-10,West
TXN-001995,CUST-00080,21.38,2025-07-02,East
TXN-003308,CUST-00166,192.48,2025-04-22,N
TXN-004942,CUST-00302,547.20,2025-12-21,South
TXN-000835,CUST-00062,111.91,2024-09-11,Central
TXN-000592,CUST-00110,117.32,2024-01-10,South
TXN-004332,CUST-00170,923.76,2025-08-17,South
TXN-002725,CUST-00259,64.48,2024-11-14,Central
TXN-000516,CUST-00140,432.22,2025-06-22,West
TXN-001251,CUST-00130,239.50,2024-11-07,West
TXN-000600,CUST-00005,48.44,2025-12-20,West
TXN-004455,CUST-00495,474.68,2025-02-23,South
TXN-000123,CUST-00377,89.75,2024-09-15,South
TXN-004148,CUST-00080,240.79,2024-10-29,East
TXN-002386,CUST-00158,218.04,2024-08-24,North
TXN-002353,CUST-00340,19.29,2024-06-29,Central
TXN-001824,CUST-00058,1250.40,2025-09-26,North
TXN-003974,CUST-00430,23.89,2024-12-23,South
TXN-000335,CUST-00103,46.59,2024-05-05,West
TXN-000293,CUST-00318,112.85,2024-08-01,W
TXN-000663,CUST-00103,564.92,2025-01-19,West
TXN-000675, CUST-00018,217.05,2025-02-22,North
TXN-004786,CUST-00463,183.40,2024-04-10,Central
TXN-001928,CUST-00352,461.80,2025-10-11,Central
TXN-003158,CUST-00476,220.11,2024-06-09,north
TXN-001743, CUST-00259,121.92,2024-08-13,Central
TXN-003756,CUST-00388,1342.89,2025-07-31,Central
TXN-003556,CUST-00465,475.53,2025-09-27,West
TXN-000004,CUST-00430,,2025-01-01,South
TXN-002156,CUST-00272,1131.19,2024-05-30,East
TXN-004873,CUST-00236,1399.13,2025-11-19,Central
TXN-001560,CUST-00402,303.77,2024-09-27,N
TXN-002497,CUST-00074,24.10,2025-11-06,Central
TXN-002212,CUST-00143,70.21,2024-12-26,North
TXN-004590,CUST-00078,115.93,2024-12-29,central
TXN-001126,CUST-00383,42.65,2025-12-10,Central
TXN-002084,CUST-00335,156.57,2025-12-08,West
TXN-002376,CUST-00069,530.47,2025-12-04,South
TXN-001173,CUST-00401,258.30,2024-07-15,Central
TXN-001979,CUST-00240,34.75,2024-02-29,South
TXN-000479,CUST-00062,74.77,2025-12-04,Central
TXN-004025, CUST-00288,60.27,2025-08-16,North
TXN-003416,CUST-00035,560.79,2024-02-08,South
TXN-004992,CUST-00440,54.77,2025-05-22,South
TXN-004841,CUST-00431,451.82,2024-06-26,West
TXN-002097,CUST-00356,410.11,2025-05-09,West
TXN-003238,CUST-00122,179.60,2024-02-29,W
TXN-002330,CUST-00052,265.74,2025-03-17,East
TXN-000233,CUST-00364,205.41,2025-04-18,South
TXN-000855,CUST-00324,102.54,2024-01-02,South
TXN-000122,CUST-00160,1286.15,2025-11-29,South
TXN-004433,CUST-00382,446.07,2024-04-01,East
TXN-003462,CUST-00126,798.87,2025-09-18,Central
TXN-001162,CUST-00299,453.09,2025-02-17,WEST
TXN-002962,CUST-00154,38.55,2025-04-18,Central
TXN-001767,CUST-00037,31.11,2025-04-05,East
TXN-003560,CUST-00126,18.66,2025-10-02,Central
TXN-000830,CUST-00055,44.50,2024-01-08,West
TXN-003573,CUST-00331,564.24,2025-10-30,East
TXN-001125,CUST-00294,487.73,2025-07-19,South
TXN-002155,CUST-00470,512.79,2024-02-18,North
TXN-003901,CUST-00257 ,107.81,2025-05-23,North
TXN-003275,CUST-00080,551.26,2025-05-08,E
TXN-000129,CUST-00121,$1406.12,2024-12-20,West
TXN-004266,CUST-00273,595.46,2024-12-14,North
TXN-000112,CUST-00222,328.10,2025-06-25,Central
TXN-001245,CUST-00080,213.04,2024-02-03,East
TXN-001955,CUST-00158,173.90,2024-06-24,North
TXN-003743,CUST-00327,45.92,2025-04-13,South
TXN-001031,CUST-00072,56.36,2024-12-08,South
TXN-001706,CUST-00310,16.87,2024-03-05,Central
TXN-004185,CUST-00314,42.58,2024-11-02,East
TXN-001253,CUST-00375,313.13,2025-09-30,North
TXN-004522,CUST-00492,138.64,2024-02-17,Central
TXN-001521,CUST-00394,496.61,2024-02-19,Central
TXN-001673,CUST-00080,1376.95,2024-04-25,East
TXN-002990,CUST-00142,52.85,2024-08-13,Central
TXN-004539,CUST-00143,380.80,2024-08-27,North
TXN-001547,CUST-00148,147.66,2024-10-26,North
TXN-000460,CUST-00140,200.71,2024-08-13,West
TXN-002833,CUST-00179,18.74,2024-01-19,West
TXN-003050,CUST-00431,1034.94,2024-12-26,North
TXN-004734,CUST-00028,89.76 USD,2024-04-14,East
TXN-002309,CUST-00102,505.02,2024-07-02,East
TXN-001533,CUST-00472,468.88,2025-08-10,Central
TXN-002909,CUST-00272,989.78,2025-10-21,East
TXN-003831,cust-00098,70.74,2025-08-24,East
TXN-001400,CUST-00249,251.71,2025-05-03,West
TXN-002487,CUST-00359,327.08,2024-11-21,West
TXN-002308,CUST-00241,412.01,2025-04-19,East
TXN-003097,CUST-00076,258.98,2024-08-18,East
TXN-000687,CUST-00164,-53.96,2025-07-09,East
TXN-004435,CUST-00387,613.63,2024-10-31,North
TXN-003205,CUST-00205,598.93,2024-11-04,Central
TXN-004040,CUST-00186,785.24,2025-06-26,South
TXN-001785,CUST-00346,,2024-10-21,West
TXN-004330,CUST-00061,89.75,2025-01-13,North
TXN-003684,CUST-00251,24.88,2024-06-10,Central
TXN-003981,CUST-00358,283.13,2025-01-16,South
TXN-003263,CUST-00008,17.51,2024-08-09,East
TXN-001791,CUST-00202,74.80,2025-01-03,East
TXN-000882,CUST-00163,592.50,2024-12-02,West
TXN-001894,CUST-00086,185.40,2024-09-18,West
TXN-004902,CUST-00085,240.90,2025-01-12,South
TXN-004468,CUST-00103,39.34,2025-08-26,West
TXN-002051,CUST-00087,54.16,2025-11-09,Central
TXN-002705,CUST-00318,517.96,2024-07-13,West
TXN-003867,CUST-00272,516.12,2024-04-10,East
TXN-000731,CUST-00040,37.30,2025-06-20,North
TXN-000688,CUST-00066,27.46,2024-10-24,South
TXN-002695,CUST-00091,266.80,2024-11-23,Central
TXN-002230,CUST-00273,209.57,2025-12-11,East
TXN-004408,CUST-00116,81.30,2024-08-20,East
TXN-002301,CUST-00324,1202.62,,South
TXN-002659,CUST-00295,,2024-03-24,Central
TXN-004122,CUST-00092,134.05,2025-04-01,East
TXN-001676,CUST-00455,197.80,2024-06-24,South
TXN-000518,CUST-00378,63.26,2025-06-15,Central
TXN-003949,CUST-00494,103.57,2025-11-08,North
TXN-001461,CUST-00500,109.61,2025-10-04, East
TXN-000388,CUST-00218,968.54,2024-07-02,South
TXN-002002,CUST-00465,1270.82,2025-07-25,West
TXN-001246,CUST-00444,141.17,2025-01-26,West
TXN-002606,CUST-00459,343.32,2025-05-28,North
TXN-002340,CUST-00411,92.47,2025-04-20,Central
TXN-002722,CUST-00056,524.00,2025-06-15,Central
TXN-003906,CUST-00040,139.81,2024-12-16,North
TXN-004598,CUST-00340,519.40,2025-08-25,Central
TXN-004849,CUST-00230,497.40,2025-01-02,North
TXN-000973,CUST-00444,22.06,2024-05-28, West
TXN-003153,CUST-00086,147.38,2025-10-25,West
TXN-000652,CUST-00098,60.45,2025-09-29,East
TXN-003358,CUST-00322,229.11,2025-07-06,Central
TXN-000026,CUST-00469,783.14,2025-01-03,North
TXN-003630,CUST-00083,487.76,2024-07-15,Central
TXN-004118,CUST-00500,39.14,2024-12-11,East
TXN-000939,CUST-00030,86.69,2024-12-12,Central
TXN-003010,CUST-00012,39.74,2025-09-22,South
TXN-003014,CUST-00264,115.46,2024-10-24,Central
TXN-001326,CUST-00416,233.40,2025-11-19,West
TXN-000071,CUST-00328,309.19,2024-07-16,East
TXN-003537,CUST-00074,84.42,2024-05-17,Central
TXN-004703,CUST-97875,393.52,2024-10-24,South
TXN-002945,CUST-00202,78.82,2024-10-04,E
TXN-002605,CUST-00116,1386.29,2025-06-19,East
TXN-002621,CUST-00214,69.56,2025-09-12,South
TXN-004510,CUST-00066,27.35,2025-02-19,West
TXN-000402,CUST-00097,41.34,2025-10-09,Central
TXN-003508,CUST-00138,552.67,2025-04-08, North
TXN-001591,CUST-00445,47.86,2025-04-30,South
TXN-004117,CUST-00217,22.83,2025-07-15,North
TXN-003037,CUST-00420,522.90,2025-07-15,North
TXN-003496,CUST-00411,482.62,2025-01-20,Central
TXN-001916,CUST-00500,219.80,2024-01-06,East
TXN-004622,CUST-00481,84.92,2025-08-16,South
TXN-000411,CUST-00481,333.33,2025-06-25,South
TXN-003404,CUST-00417,540.64,2025-01-26,Central
TXN-004880,CUST-00223,103.10,2025-06-25,West
TXN-000374,CUST-00045,127.34,2025-10-09,West
TXN-004809,CUST-00329,247.25,2024-12-24,South
TXN-000454,CUST-00079,100.07,2025-05-14, South
TXN-003706,CUST-00054,56.13,2025-12-02,South
TXN-002951,CUST-00093,46.87,2024-08-21,SOUTH
TXN-004568,CUST-00160,1337.26,2024-10-04,South
TXN-002862,CUST-00171,40.70,2024-11-27,West
TXN-000462,CUST-00444,15.42,2024-05-29,West 
TXN-003159,CUST-00174,26.75,2025-06-17,South
TXN-001255,CUST-00101,223.53,2024-08-22,West
TXN-004829,CUST-00257,97.77,2025-07-30,North
TXN-001757,CUST-00013,865.56,2024-10-07,North
TXN-000051,CUST-00453,323.48,2024-02-02,West
TXN-002778,CUST-00303,472.40,2025-05-14,West
TXN-002478,CUST-00417,93.37,2025-04-16,Central
TXN-002738,CUST-00066,42.59,2025-03-28,South
TXN-003318,CUST-00187,317.41,2024-08-02,West
TXN-000558,CUST-00313,43.95,2024-09-16,Central
TXN-004767,CUST-00043,21.45,2025-06-10,West
TXN-001342,CUST-00176,42.87,2025-12-15,North
TXN-003734,CUST-00422,1130.91,2024-08-03,North
TXN-003621,CUST-00089,46.32,2024-05-25,South
TXN-002311,CUST-00273,749.28,2025-11-13,North
TXN-000307,CUST-00214,80.23,2024-11-02,South
TXN-000106,CUST-00360,461.99,2024-10-22,South
TXN-004147,CUST-00043,1344.70,2024-02-16,west
TXN-003116,CUST-00272,52.34,2024-03-17,East
TXN-000214,CUST-00011,268.43,2024-03-31,Central
TXN-001827,CUST-00198,350.36,2024-07-19,NORTH
TXN-000632,CUST-00299,43.38,2024-05-08,West
TXN-002959,CUST-00116,36.82,2025-02-09,East
TXN-000493,CUST-00444,770.97,2025-07-02,West
TXN-000369,CUST-00189,1146.81,2025-12-11,West
TXN-001019,CUST-00203,18.64,2025-04-27,West
TXN-000666,CUST-00411,196.06,2024-01-03,CENTRAL
TXN-001846,CUST-00147,1248.62,2024-01-05,South
TXN-001524,CUST-00005,79.12,2024-01-11,West
TXN-001337,CUST-00198,72.26,2025-08-31,North
TXN-002388,CUST-00310,36.28,2025-06-26,Central
TXN-001529,CUST-00447,25.64,2024-02-03,Central
TXN-000496,CUST-00286,404.73,2024-10-03,WEST
TXN-004166,CUST-00156,,2025-11-08,North
TXN-002422,CUST-00066,247.23,2024-09-10,South
TXN-000966,CUST-00074,17.47,2025-05-12,Central
TXN-004115,CUST-00029,140.87,2024-01-18,South
TXN-001606,CUST-00315,409.90,2025-10-28,South
TXN-002707,CUST-00044,212.40,2025-11-18,east
TXN-001039,CUST-00427,437.02,2024-06-02,East
TXN-003928,CUST-00135,130.92,2024-03-31,South
TXN-002244,CUST-00426,114.97,2024-07-18,SOUTH
TXN-001407,CUST-00479,1393.90,19/07/2025,Central
TXN-003148,CUST-00277,258.69,2025-03-11,Central
TXN-002235,CUST-00022,133.24,2024-08-23,S
TXN-000160,CUST-00045,20.80,2025-03-28,West
TXN-000394,CUST-00394,18.22,2025-04-19,Central
TXN-002238,CUST-00144,961.22,07/06/2024,North
TXN-002588,CUST-00190,202.54,2025-01-27,East
TXN-002307,CUST-00130,141.39,2025-03-06,West 
TXN-000884,CUST-00067,89.34,2025-05-31,East
TXN-004716,CUST-00455,130.73,2025-11-01,South
TXN-004221,CUST-00030,187.42,2025-08-13,Central
TXN-003424,CUST-00035,72.65,2024-10-22,South
TXN-004863,CUST-00269,30.92,2024-05-29,Central
TXN-000646,CUST-00075,20.94,2025-01-01, East
TXN-004229,CUST-00299,430.39,2024-09-21,West
TXN-003115,CUST-00280,703.92,2025-08-18,West
TXN-002394,CUST-00211,450.69,2025-12-31,Central
TXN-000899,CUST-00470,-179.08,2025-09-14,North
TXN-000833,CUST-00399,516.30,2025-08-03,Central
TXN-003613,CUST-00411,80.81,2024-07-03,Central
TXN-000437,CUST-00420,35.33,2024-02-07,North
TXN-000234,CUST-00400,41.86,2025-08-20,West
TXN-004516,CUST-00490,15.64,2025-05-19,East
TXN-001936,CUST-00363,1155.56,2025-08-29,West
TXN-000910,CUST-00057,152.99,2024-10-22,North
TXN-003870,CUST-00443,205.38,2024-07-23,East
TXN-003892,CUST-00066,464.29,2024-08-08,South
TXN-000711,CUST-00169,35.35,2025-04-03,North
TXN-003193,CUST-00461,230.74,2025-03-10,Central
TXN-000799,CUST-00094,572.58,2024-02-21,Central
TXN-000505,CUST-00253,227.08,2025-02-04,South
TXN-000615,CUST-00129,189.11,2024-07-11,Central
TXN-004949,CUST-00207,223.74,2025-07-11,South
TXN-000904,CUST-00426,141.82,2025-04-04,South
TXN-002573,CUST-00213,1394.51,2024-07-21,Central
TXN-003864,CUST-00258,199.16,2025-08-12,North
TXN-004307,CUST-97497,46.22,2024-06-24,North
TXN-000838,CUST-00079,,2025-11-18,South
TXN-003575,CUST-00016,37.95,2024-10-10,West
TXN-003390,CUST-00140,115.93,2025-06-01,West
TXN-004957,CUST-00451,227.90,2024-12-06,North
TXN-002811,CUST-00405,620.23,2025-12-14,South
TXN-001551,CUST-00071,494.93,2024-01-11,East 
TXN-004264,CUST-00076,15.45,2025-05-01,East
TXN-001972,CUST-00355,36.60,2025-02-08,West
TXN-004591,CUST-00413,267.91,2024-11-11,South 
TXN-000839,CUST-00418,176.96,2024-01-11,East
TXN-001697,CUST-94442,50.28,2024-08-08,South
TXN-004745,CUST-00123,$64.23,2024-10-13,South
TXN-000333,CUST-00351,52.11,2025-08-06,Central
TXN-001462,CUST-00003,91.06,2024-06-19,South
TXN-001966,CUST-00057,97.73,2024-05-20,North
TXN-003536,CUST-00272,24.73,2024-05-05,E
TXN-000158,CUST-00379,255.21,2024-04-28,East
TXN-004411,CUST-00018,185.67,2025-09-24,N
TXN-000276,CUST-00186,47.53,2024-01-07,South
TXN-004193,CUST-00414,1213.97,2025-07-25,North
TXN-000947,CUST-00103,462.55,2024-10-13,West
TXN-001770,CUST-00226,42.26,2025-08-22,West
TXN-000848,CUST-00080,218.37,2025-12-14,East
TXN-000313,CUST-00208,189.70 USD,2024-04-12,West
TXN-003080,CUST-00461,228.09,2024-04-28,Central
TXN-000524,CUST-00427,546.29,2025-09-19,East
TXN-000486,CUST-00386,213.41,2025-09-12,West
TXN-000906,CUST-00177,126.45,2024-10-06,North
TXN-003581,CUST-00223,1128.36,2025-11-06,West 
TXN-003360,CUST-00155,480.66,2025-08-16,North
TXN-001288,CUST-00272,498.69,2024-09-20, East
TXN-000566,CUST-00221,480.87,2025-01-02,North
TXN-003912,CUST-00297,400.73,2024-02-20,East
TXN-002182,CUST-00444,102.50,2024-07-13,West
TXN-003697,CUST-00069,44.18,2025-06-14,South
TXN-004333,CUST-00366,116.56,2024-09-02,North
TXN-003561,CUST-00054,84.63,2025-09-16,West
TXN-001464,CUST-00390,396.52,2025-05-16,South 
TXN-000475,CUST-00451,210.45,2025-07-22,North
TXN-000238,CUST-00133,234.10,2024-07-01,Central
TXN-001018,CUST-00100,245.42,2024-08-19,North
TXN-004496,CUST-00019,296.02,2025-11-24,North
TXN-001964,cust-00139,44.97,2024-04-04,West
TXN-002870,CUST-00068,236.46,2025-06-18,West
TXN-000932,CUST-00409,255.99,2024-06-22,Central
TXN-000585,CUST-00121,96.14,2024-02-02,West
TXN-001826,CUST-00143,1134.44,2024-09-17,North
TXN-002531,CUST-00103,105.25,2024-10-23,West
TXN-004395,CUST-00369,458.33,2025-06-08,West
TXN-001302,CUST-00444,466.15,2024-05-15,West
TXN-002046,CUST-00126,187.45,2025-09-05,Central
TXN-000842,CUST-00143,717.64,2025-01-24,North
TXN-004938,CUST-00442,,2024-05-06,East
TXN-001885,CUST-00251,168.08,2025-04-02,Central
TXN-000041,CUST-00142,231.05,2025-11-21,Central
TXN-002359,CUST-00469,109.78,2024-02-18,Central
TXN-004783,CUST-00373,72.96,2025-05-08,West
TXN-002894,CUST-00360,43.36,2025-03-08,South
TXN-001835,CUST-00076,170.87,2024-09-07,East
TXN-004429,CUST-00018,599.37,2025-09-20, North
TXN-001891,CUST-00126,41.85,2025-09-02,Central
TXN-002177,CUST-00416,818.25,2025-01-23,West
TXN-003802,CUST-00121,55.61,2024-11-16,West
TXN-004139,CUST-00186,1111.45,,South
TXN-003935,CUST-00066,65.64,2025-04-22,South
TXN-003503,CUST-00064,310.82,2025-06-12,West
TXN-004165,CUST-00070,-218.65,2024-01-25,Central
TXN-004350,CUST-00490,104.01,2025-09-11,East
TXN-001183,CUST-00367,87.61,2025-10-22,North
TXN-002724,CUST-00299,43.22,2024-09-14, West
TXN-000757,CUST-00417,562.07,2025-05-21,Central
TXN-000316,CUST-00415,641.98,2025-08-12,West
TXN-003512,CUST-00094,1088.64,2024-06-22,Central
TXN-003071,CUST-00149,36.90,2025-01-17,Central
TXN-000861,CUST-00221,195.47,2024-08-07,North
TXN-004753,CUST-00359,103.94,2024-05-29,West
TXN-002104,CUST-00384,474.53,2024-06-10,South
TXN-001619,CUST-00398,49.89,2025-06-20,Central
TXN-002790,CUST-00199,548.77,2025-06-05,Central
TXN-002837,CUST-00422,204.88,2024-10-20,North
TXN-000859,CUST-00444,783.85,2024-11-28,West
TXN-001457,CUST-00417,847.91,2025-04-30, Central
TXN-002148,CUST-00106,217.78,2025-06-22,East
TXN-004580,CUST-00381,400.04,2025-03-24,Central
TXN-003105,CUST-00431,542.96,2025-07-28,North
TXN-004022,CUST-00420,526.46,2025-03-02,North
TXN-002127,CUST-00020,34.80,2025-01-14,West
TXN-001982,CUST-00012,45.43,2024-08-23,
TXN-001665,CUST-00204,109.06,2025-09-22,South
TXN-002835,CUST-00401,399.29,2024-10-29,Central
TXN-000677,CUST-00345,103.25,2025-05-11,East
TXN-003733,CUST-00099,37.89,2024-12-03,Central
TXN-000040,CUST-00298,38.23,2024-02-17,North
TXN-003262,CUST-00054,257.33,2024-11-15,South
TXN-000206,CUST-00076,1334.67,2025-12-03,East
TXN-002112,CUST-00322,33.42,2025-01-28,Central
TXN-002443,CUST-00106,1237.88,2025-07-21,East
TXN-002355,CUST-00074,190.41,2024-06-07,Central
TXN-001727,CUST-00216,75.64,2024-01-04,West
TXN-003655,CUST-00077,1147.38,2024-09-24,West
TXN-004896,CUST-00058,885.77,2025-09-04,North
TXN-003426,CUST-00444,18.41,2025-12-10,West
TXN-004006,CUST-00495,113.69,2025-10-29,South
TXN-003563,CUST-00444,185.01,2024-02-15,West
TXN-003765,CUST-00481,1278.55,2025-06-18,South
TXN-003234,CUST-00409,49.71,2024-03-02,West
TXN-001134,CUST-00420,22.73,2025-04-23,North
TXN-000911,CUST-00008,113.30,2024-04-23,East
TXN-004521,CUST-00405,1218.80,2024-10-18,South
TXN-002109,CUST-00040,115.95,2024-11-10,
TXN-000104,CUST-00272,76.67,2025-01-10,East
TXN-004707,CUST-00292,1298.03,2024-11-24,South
TXN-004034,CUST-00411,195.48,2025-07-09,Central
TXN-004799,CUST-00398,136.32,2024-11-02,West
TXN-003007,CUST-00318,893.23,2025-06-08,West
TXN-001116,CUST-00469,80.91,2025-10-19,Central
TXN-001633,CUST-00500,23.09,2024-05-08,East
TXN-004806,CUST-00168,266.58,2025-03-21,West
TXN-002501,CUST-00021,33.75,2025-12-07,East
TXN-002106,CUST-00302,1066.52,2025-10-06,South
TXN-001350,CUST-00365,84.98,23/02/2025,West
TXN-002347,CUST-00340,915.96,2024-04-29,Central
TXN-001748,CUST-00376,258.11,2025-11-09,Central
TXN-002255,CUST-00058,240.21,2025-07-22,North
TXN-001241,CUST-00211,130.26,2025-02-03,Central
TXN-004876,CUST-00189,38.67,2025-01-26,West
TXN-000306,CUST-00159,155.51,2025-05-07,North
TXN-000998,CUST-00083,29.96,2025-07-10, Central
TXN-000740,CUST-00117,74.94,2025-02-05,North
TXN-002640,CUST-00298 ,1202.02,2025-03-19,North
TXN-002731,CUST-00429,199.27,2024-03-31,North
TXN-001503,CUST-00427,197.64,2024-02-27,East
TXN-001952,CUST-00199,48.69,2025-04-16,Central
TXN-002149,CUST-00074,70.19,2024-10-30,Central
TXN-004604,CUST-00445,843.53,2024-05-23,South
TXN-000163,CUST-00328,487.73,2024-03-25,East
TXN-002715,CUST-00490,202.50,2024-10-28,East
TXN-002811,CUST-00405,620.23,2025-12-14,South
TXN-004082,CUST-00478,131.49,2025-08-09,East
TXN-001448,CUST-00091,758.26,2025-11-05,Central
TXN-001698,CUST-00398,395.73,2024-08-31,Central
TXN-000089,CUST-00420,1239.97,2024-04-22,NORTH
TXN-004276,CUST-00126,,2024-09-11,Central
TXN-000408,CUST-00057,664.85,2024-10-31,North
TXN-003625,CUST-00388,117.13,2025-05-11,West
TXN-003703,CUST-00489,340.50,2025-07-17,West
TXN-003019,CUST-00467,202.51,2024-11-02,South
TXN-004372,CUST-00091,42.08,2025-09-12,Central
TXN-003212,CUST-00179,118.66,2024-04-03,West
TXN-001218,CUST-00003,858.97,2024-08-17,South 
TXN-000125,CUST-00004,21.39,2024-02-11,Central
TXN-002650,CUST-00141,175.11,2024-06-19,East
TXN-003149,CUST-00217,686.52,2024-10-27,North
TXN-000439,CUST-00441,45.80,2025-03-14,North
TXN-004360,CUST-00339,1105.63,2024-07-16,Central
TXN-001205,CUST-00289,86.27,2024-07-31,North
TXN-000975,CUST-00364,91.31,2025-07-16,south
TXN-001595,CUST-00049,90.77,2025-02-08,Central
TXN-003895,CUST-00070,380.33,2024-08-25,Central
TXN-004331,CUST-00487,116.97,2025-01-29,West
TXN-003681,CUST-00351,110.27,2024-05-22,Central
TXN-003521,CUST-00075,99.96,2025-12-17,East 
TXN-002801,CUST-00402,524.05,2025-05-08,North
TXN-002049,CUST-00247,31.99,2024-03-15,Central
TXN-004031,CUST-00281,1024.78,2025-06-02,Central
TXN-002484,CUST-00087,73.06,2025-08-26,Central
TXN-000299,CUST-00363,66.65,2025-09-10,west
TXN-000095,CUST-00276,40.46,2025-11-01,West
TXN-003061,CUST-00015,32.73,2024-11-09,East
TXN-002432,CUST-00300,32.16,2025-06-24,West
TXN-003059,CUST-00083,592.42,2025-10-20,Central
TXN-002192,CUST-00023,31.58,2025-05-10,East
TXN-004420,CUST-00103,154.11,2024-03-18,West
TXN-001818,CUST-00445,570.15,2025-01-14,South
TXN-002832,CUST-00110,222.51,2024-05-24,South
TXN-002607,CUST-00050,187.33,2024-02-18,Central
TXN-002336,CUST-00395,101.91,2025-04-11,North
TXN-001895,CUST-00200,19.54,2025-05-12,North
TXN-003936,CUST-00037,53.29,2025-05-25,east
TXN-000541,CUST-00090,546.92,2025-10-13,Central
TXN-000573,cust-00389,347.98,2024-06-07,West
TXN-002578,CUST-00198,46.23,2024-07-20,North
TXN-001074,CUST-00417,227.96,2024-03-09,Central
TXN-001815,CUST-00083,61.88,2024-12-29,Central
TXN-004349,CUST-00470,58.62,2025-04-12,North
TXN-003461,CUST-00374,462.91,2025-05-22,North
TXN-004184,CUST-00417,1346.08,2025-04-22,Central
TXN-004240,CUST-00198,1374.47,2024-05-28,North
TXN-002896,CUST-00103,243.70,2024-01-05,West
TXN-004741,CUST-00098,398.07,2024-04-05,East
TXN-003002,CUST-00420,125.96,2025-08-23,North
TXN-002998,CUST-00050,526.26,2025-07-08,Central
TXN-002267,CUST-00477,57.40,2024-10-16,North
TXN-001069,CUST-00403,170.76,2024-05-23,E
TXN-001722,CUST-00110,558.84,2024-02-07,South
TXN-002551,CUST-00420,24.31,2024-09-29,North
TXN-003622,CUST-00040,423.48,2024-11-01,North
TXN-000049,CUST-00251,108.84,2024-02-19,Central
TXN-001638,CUST-00143,23.39,2025-02-13,North
TXN-003558,CUST-00061,1129.26,2025-09-06,South
TXN-002834,CUST-00094,115.22,17/05/2025,Central
TXN-000598,CUST-00382,1006.26,2024-10-02,East
TXN-001866,CUST-00066,447.85,2024-09-29,South 
TXN-002293,CUST-00475,973.79,2024-10-26,South
TXN-002958,CUST-00469,1183.05,2024-02-21,Central
TXN-001032,CUST-00039,220.55,2025-09-29,Central
TXN-004700,CUST-00093,931.35,2024-05-20,South
TXN-003134,CUST-00068,48.41,2024-05-21,West
TXN-003980,cust-00043,75.21,2025-04-13,West
TXN-003880,cust-00481,44.09,2025-12-13,South
TXN-002457,CUST-00431,31.36,2025-06-07,north
TXN-004698,CUST-00083,139.87,2024-12-10,Central
TXN-003044,CUST-00002,209.76,2024-12-04,South
TXN-001643,CUST-00186,48.74,2025-11-10,South
TXN-000863,CUST-00289,122.23,2025-11-01,North
TXN-000653,CUST-00043,44.32,2024-12-20,West
TXN-001959,CUST-00435,122.40,2025-01-28,North
TXN-004065,CUST-00406,50.58,2024-02-10,Central
TXN-001221,CUST-00301,55.00,2024-08-08,East
TXN-000846,CUST-00011,455.02,2024-06-11,Central
TXN-003557,CUST-00161,104.71,2024-03-10,West
TXN-003121,CUST-00491,414.57,2025-03-06,South
TXN-001477,CUST-00398,-243.50,2024-08-30,Central
TXN-001630,CUST-00321,235.54,2024-02-07,North
TXN-004205,CUST-00322,129.79,2024-07-22,Central
TXN-004645,CUST-00240,263.60,2025-01-20,South
TXN-000639,CUST-00102,222.49,2025-05-25,East
TXN-004263,CUST-00349,1191.53,2025-09-25,East
TXN-000452,CUST-309,1304.08,2024-10-08,North
TXN-000754,CUST-00120,33.04,2025-10-10,North
TXN-001010,CUST-00172,132.34,2025-05-29,South
TXN-002667,CUST-00292,96.58,2024-01-02,South
TXN-004520,CUST-00269,43.51,2025-08-10,Central
TXN-000219,CUST-00499,48.46,2024-04-24,North
TXN-004556,CUST-00414,156.68,2025-03-04,North
TXN-004923,CUST-00244,715.02,2024-11-06,North
TXN-003456,CUST-00466,203.35,2025-05-16,East
TXN-003710,CUST-00142,705.27,2024-01-12,Central
TXN-003836,CUST-00258,628.17,2025-04-13,North
TXN-002066,CUST-00069,85.69,2024-11-01,South
TXN-001735,CUST-00398,1070.19,2024-06-17,Central
TXN-001497,CUST-00232,710.58,2025-04-05,North
TXN-004290,CUST-00163,236.16,2024-04-08,West
TXN-003656,CUST-00014,248.57,2024-02-04,West
TXN-000033,CUST-00417,25.57,2024-08-09,Central
TXN-003092,CUST-00030,32.01,2025-04-18,Central
TXN-003444,CUST-00074,1431.20,2025-05-19,Central
TXN-003505,CUST-00043,157.31,2024-08-22,West
TXN-004206,CUST-00103,335.27,2025-05-21,West
TXN-003100,CUST-00184,16.67,2025-08-20,South
TXN-000297,CUST-00262,39.50,2024-02-06,North
TXN-000718,CUST-00440,127.59,2025-03-11,South
TXN-003618,CUST-00184,1078.43,2025-01-08,South
TXN-003031,CUST-00136,105.76,2025-07-25,West
TXN-004375,CUST-00080,195.57,2024-01-21,East
TXN-001511,CUST-00497,41.42,2025-07-27,North
TXN-001327,CUST-00156,43.14,2024-01-10,Central
TXN-002932,CUST-00036,18.30,2024-02-22,South
TXN-002412,CUST-00110,73.96,2025-01-23,South
TXN-002906,CUST-00093,1197.19,2024-12-06,South
TXN-004628,CUST-00260,50.08,2024-10-07,East
TXN-004012,CUST-00267,425.63,2024-07-30,East
TXN-001163,CUST-00130,246.57,2024-10-08,West
TXN-002963,CUST-00294,52.68,2024-12-18,West
TXN-004853,CUST-00121,82.42,2025-04-17,West
TXN-000880,CUST-00411,39.02,2024-08-03,Central
TXN-003257,CUST-00144,327.88,2025-06-04,North
TXN-004466,CUST-00206,376.83,2025-10-07,North
TXN-000726,CUST-00299,53.11,2024-02-18,West
TXN-000563,CUST-00252,78.89,2024-08-19,North
TXN-003714,CUST-00134,1366.38,2025-01-01,East
TXN-001580,CUST-00093,396.48,2024-10-14,South
TXN-000115,CUST-00143,83.81,2025-09-21,North
TXN-003639,CUST-00420,107.49,2024-02-05,North
TXN-001122,CUST-00201,1325.11,2025-05-06,South
TXN-002481,CUST-00093,38.38,2025-09-27,South
TXN-002316,CUST-00143,43.69,2024-02-10,North
TXN-003680,CUST-00336,469.32,2025-01-30,East
TXN-002062,CUST-00461,50.52,2025-09-24,Central
TXN-001305,CUST-00500,108.06,2025-03-30,East
TXN-000076,CUST-00074,308.83,2024-10-22,Central
TXN-002807,CUST-00124,105.78,2024-12-10,central
TXN-002142,CUST-00484,835.93,2025-09-23,South
TXN-003851,CUST-00399,114.37,2025-07-02,Central
TXN-000298,CUST-00026,826.44,2024-05-18,East
TXN-002893,CUST-00063,105.02,2025-04-09,North
TXN-002420,CUST-00153,1434.58,2025-05-12,East
TXN-003741,CUST-00054,723.53,2024-05-23,South
TXN-000717,CUST-00279,79.85,2024-01-16,North
TXN-001281,CUST-00274,294.27,2024-10-03,North
TXN-001341,CUST-00405,41.07,2024-03-10,South 
TXN-004153,CUST-00420,215.57,2024-10-16,North
TXN-004529,CUST-00071,1135.16,2024-05-17,East
TXN-000779,CUST-00195 ,481.63,2024-09-30,East
TXN-000515,CUST-00074,66.03,2025-04-22,Central
TXN-004630,CUST-00203,74.49,2025-07-30,West
TXN-000145, CUST-00074,63.54,2024-04-16,Central
TXN-002836,CUST-00288,716.13,2024-02-05,North
TXN-000322,CUST-00244,162.64,07/09/2024,North
TXN-002555,CUST-00179,1188.08,2024-06-21,West
TXN-002329,CUST-00080,187.73,2024-01-05,East
TXN-004060,CUST-00215,125.46,2024-01-09,S
TXN-004555,CUST-00093,60.16,2025-03-11,S
TXN-004310,CUST-00402,17.41,2024-10-19, North
TXN-001487,CUST-00324,90.04,2025-08-17,South
TXN-003849,CUST-00217,49.98,2024-06-19,North
TXN-002289,CUST-00067,253.90,2024-02-10,East
TXN-001956,CUST-00318,34.70,2025-09-05,West
TXN-002776,CUST-00299,40.72,2025-07-16,West
TXN-000554,CUST-00413,42.01,2025-06-06,South
TXN-003055,CUST-00035,93.55,2025-04-17,South
TXN-004777,CUST-00219,105.67,2025-09-07,West
TXN-002274,CUST-00496,889.38,2025-10-19,East
TXN-004688,CUST-00299,479.81,2025-08-13,West
TXN-000015,CUST-00413,205.19,2025-02-17,South
TXN-004194,CUST-00048,575.33,2024-07-06,East
TXN-003614,CUST-00443,210.88,2024-04-03,East
TXN-002871,CUST-00076,31.63,09/12/2024,East
TXN-001261,CUST-00104,357.61,2025-05-26,West 
TXN-004566,CUST-00496,95.51,2024-05-06,East
TXN-003774,CUST-00066,1076.45,2024-08-22,South
TXN-004297,CUST-00259,270.22,2024-06-23, Central
TXN-004374,CUST-00014,406.09,2024-11-10,West
TXN-001248,CUST-00187,17.55,2024-02-11,West
TXN-002471,CUST-00082,319.14,2024-08-06,East
TXN-000668,CUST-00313,108.34,2024-09-15,Central
TXN-001989,CUST-00490,501.23,2024-01-07,East
TXN-002918,CUST-00149,96.72,2024-05-23,Central
TXN-003219,CUST-00175,68.73,2025-10-17,West
TXN-001081,CUST-00096,142.30,2025-09-15,North
TXN-000815,CUST-00160,323.39,2024-06-29,South
TXN-004083,CUST-00322,53.34,2024-08-25,Central
TXN-003351,CUST-00065,573.58,2025-07-05,North
TXN-004600,CUST-00382,1351.40,2024-06-02,East
TXN-003715,CUST-00126,441.35,2024-08-24,Central
TXN-000891,CUST-00201,19.63,2024-05-22,South
TXN-004352,CUST-00349,39.08,2025-10-17,East
TXN-002561,CUST-00128,1205.30,2025-02-05,South
TXN-003286,CUST-00046,284.44,2024-01-01,North
TXN-001811,CUST-00488,55.15,2025-04-02,East
TXN-000953,CUST-00281,120.11,2025-10-07,Central
TXN-000022,CUST-00177,299.36,2024-02-15,North
TXN-003215,CUST-00481,39.30,2024-06-05,South
TXN-003009,CUST-00357,684.70,2024-03-25,North
TXN-004086,CUST-00260,861.85,2025-07-09,E
TXN-002321,CUST-00338,81.33,2024-01-17,East
TXN-001594,CUST-00248,92.51,2025-07-25,S
TXN-002716,CUST-00243,47.86,2024-05-31,West
TXN-000171,CUST-00219,51.09,2025-01-01,West
TXN-004346,CUST-00397,67.60,2024-01-25,East
TXN-001132,CUST-00116,99.40,2024-07-27,West
TXN-002686,CUST-00420,350.67,2025-12-14,North
TXN-003118,CUST-00048,817.95,2024-03-30,East
TXN-000247,CUST-00143,126.33,2025-01-01,North
TXN-001345,CUST-00019,36.80,2025-09-15,North
TXN-003599,CUST-00371,1196.56,2024-07-18,South
TXN-004369,CUST-00318,104.99,2024-06-13,West
TXN-004400,CUST-00176,197.33,2025-11-12,North
TXN-000147,CUST-00074,1393.00,2025-09-11, Central
TXN-002499,CUST-00380,507.56,2024-03-13,CENTRAL
TXN-002620,CUST-00417,1063.01,2024-06-07,Central
TXN-002936,CUST-00432,706.03,2024-10-08,East
TXN-001850,CUST-00226,94.74,2024-05-13,West
TXN-003957,CUST-00110,78.92,2025-03-03,South
TXN-003627,CUST-00091,62.50,2025-03-26,Central
TXN-004114,CUST-00398,204.64,2025-07-02,Central
TXN-004398,CUST-00191,559.27,2025-04-10,West
TXN-001232,CUST-00064,1093.22,2024-01-12,West
TXN-000922,CUST-00414,42.51,2025-11-06,North
TXN-003868,CUST-00172,1234.81,2024-05-28,South
TXN-001536,CUST-00004,467.35,2025-12-28,Central
TXN-004915,CUST-00469,184.93,2024-02-23,Central
TXN-004629,CUST-00287,549.08,2024-02-15,West
TXN-000722,CUST-00066,1276.57,2025-07-21,South
TXN-000827,CUST-00098,1211.69,2025-04-20,East
TXN-000113,CUST-00500,118.31,26/01/2025,East
TXN-003632,CUST-00163,156.33,2025-07-14,West
TXN-002937,CUST-00288,37.68,2025-11-19,North
TXN-004985,CUST-00256,525.90,2024-10-15,South
TXN-002268,CUST-00119,36.92,2024-04-25,East
TXN-000816,CUST-00276,41.22,2025-10-08,West
TXN-004007,CUST-00119,83.82,2024-01-18,East
TXN-000449,CUST-00184,196.93,2024-05-09,South
TXN-001416,CUST-00235,272.95,2025-08-17,North
TXN-004511,CUST-00171,20.45,2025-07-05,West
TXN-004867,CUST-00444,61.86,2024-04-22,West
TXN-001760,CUST-00380,219.15,2024-12-19,Central
TXN-000506,CUST-00068,45.71,2025-09-18,West
TXN-003507,CUST-00198,436.22,2025-04-18,North
TXN-002025,cust-00495,1268.37,2024-05-31,South
TXN-003137,cust-00374,213.08,2025-09-05,North
TXN-003328,CUST-00226,33.10,2025-07-25,West
TXN-001296,CUST-00017,40.56,2024-08-06,East
TXN-003768,CUST-00495,32.76,2025-10-11,South
TXN-004344,CUST-00093,1116.38,2024-03-25,South
TXN-001409,CUST-00110,1110.42,2024-10-05,South
TXN-003789,CUST-00084,112.03,2024-11-25,North
TXN-004574,CUST-00144,32.03,2024-07-15,North
TXN-001180,CUST-00328,35.72,2025-07-02,East
TXN-001777,CUST-00371,1361.68,2025-07-14,Central
TXN-004751,CUST-00093,-1393.33,2024-01-26,South
TXN-004958,CUST-00248,89.39,2024-07-04,South
TXN-001577,CUST-00090,220.47,2024-01-07,Central
TXN-000256,CUST-00248,54.83,2025-11-04,South
TXN-000034,CUST-00311,20.37,2025-11-29,South
TXN-004712,CUST-00499,214.71,2025-05-31,North
TXN-000417,CUST-00299,1014.34,2024-10-01,West
TXN-002334,CUST-00252,194.35,2024-03-25,North
TXN-000359,CUST-00252,738.50,2025-03-04,North
TXN-002224,CUST-00008,62.20,2025-09-23,East
TXN-003877,CUST-00197,148.21,2024-10-05,East
TXN-003084,CUST-00335,1409.39,2025-11-06,West
TXN-000426,CUST-00473,18.19,2024-01-30,West
TXN-001537,CUST-00074,21.63,2024-08-25,Central
TXN-003910,CUST-00340,97.83,2025-10-22,Central
TXN-002260,CUST-00432,41.39,2024-01-26,East
TXN-003920,CUST-00422,570.52,2025-01-31,North
TXN-003969,CUST-00296,229.46,2025-02-27,North
TXN-004484,CUST-00379,451.21,2025-05-16,East
TXN-000759, CUST-00353,697.22,2024-10-11,South
TXN-001476,CUST-00388,27.25,2024-05-03,West
TXN-002631,CUST-00144,363.02,2024-08-08,North
TXN-000473,CUST-00438,167.81,2025-05-15,north
TXN-001986,CUST-00266,77.50,2025-02-21,Central
TXN-001887,CUST-00451,111.48,2024-03-31,North
TXN-004731,CUST-00409,20.74,2025-04-28,West
TXN-001239,CUST-00480,1366.03,2025-04-07,North
TXN-004181,CUST-00450,84.19,11/04/2025,West
TXN-003231,CUST-00260,176.90,2024-06-10,East
TXN-000664,CUST-00069,30.19,2025-10-07,S
TXN-004112,CUST-00454,180.99,2025-01-09,Central
TXN-001352,CUST-00483,192.43,2025-06-22,South
TXN-004241,CUST-00131,36.65,,East
TXN-003580,CUST-370,209.07,2024-10-21,South
TXN-001632,CUST-00332,44.57,2024-12-25,North
TXN-002425,CUST-00333,89.08,2025-04-22, West
TXN-002470,CUST-00121,1014.50,2024-03-11,West
TXN-004419,CUST-00083,479.15,2024-04-21,Central
TXN-000535,CUST-00083,278.81,2024-07-06,Central
TXN-001644,CUST-00076,48.68,2024-05-03,East
TXN-000434,CUST-00376,85.10,2024-09-27,Central
TXN-001344,CUST-00259,51.13,2024-08-17,central
TXN-001185,CUST-00243,105.30,2025-07-10,West
TXN-004100,CUST-00405,101.57,2025-07-21,South
TXN-003628,CUST-00027,68.13,2024-08-17,Central
TXN-003314,CUST-00390,90.49,2025-07-06,south
TXN-004776,CUST-00185,372.00,2025-06-15,North
TXN-000006,CUST-00500,981.93,2025-02-05,East
TXN-000826,CUST-00011,49.13,2025-07-27,Central
TXN-004679,CUST-00314,105.76,2024-05-07,East
TXN-004087,CUST-00208,471.51,2024-01-13,W
TXN-002107,CUST-00040,99.43,2024-03-18,North
TXN-001870,CUST-00492,41.53,2025-10-14,Central
TXN-003688,CUST-00116,1174.39,2025-11-10,East
TXN-000528,CUST-00500,101.31,2025-10-15,East
TXN-002426,CUST-00116,181.10,2025-10-31,East
TXN-003342,CUST-00255,1406.54,2024-12-23,East
TXN-003095,CUST-00487,45.63,2024-09-04,West
TXN-004691,CUST-00417,43.76,2024-01-24,Central
TXN-001408,CUST-00411,101.60,2024-03-30,Central
TXN-000790,CUST-00103,361.36,2024-09-17,West
TXN-003825,CUST-00398,112.46,2025-04-04,Central
TXN-002771,CUST-00247,201.79,2024-03-19,Central
TXN-002010,CUST-00064,117.34,2025-10-29,WEST
TXN-003053,CUST-00480,50.35,2024-03-15,North
TXN-001385,CUST-00085,30.07,2024-05-21,West
TXN-004730,CUST-00322,89.16,2024-02-03,Central
TXN-002171,CUST-00385,100.61,2025-10-15,West
TXN-000440,CUST-00174,34.84,2024-06-22,South
TXN-001861,CUST-00200,40.23,2025-12-02,North
TXN-000673,CUST-00390,25.48,2025-03-27,South
TXN-004354,CUST-00219,31.55,2024-05-10,West
TXN-000301,CUST-00495,460.19,2025-12-06,
TXN-000042,CUST-00124,,2025-09-01,Central
TXN-004592,CUST-95591,28.28,2025-11-30,Central
TXN-002566,CUST-00184,74.63,2025-08-16,South
TXN-002050,CUST-00183,419.58,2024-06-15,West
TXN-003062,CUST-00052,187.78,2024-07-18,East
TXN-004500,CUST-00178,1211.97,2024-04-24,North
TXN-000360,CUST-00410,1390.36,2024-01-17,East
TXN-003333,CUST-00411,175.71,2025-06-23,Central
TXN-000320,CUST-00261,643.46,2025-06-11,East
TXN-004074,CUST-00461,570.42,2024-03-28,North
TXN-002305,CUST-00252,1280.84,2024-10-19,North
TXN-002759,cust-00481,243.02,2025-02-08,South
TXN-001307,CUST-00038,38.22,2025-06-19,South
TXN-001151,CUST-00026,32.57,2024-08-29,East
TXN-001691,CUST-00143,447.19,2025-09-23,North
TXN-000203, CUST-00298,36.59,2025-12-10,North
TXN-004810,CUST-00184,96.78,2025-09-16,
TXN-003546,CUST-00184,-509.41,2024-10-08,South
TXN-003856,CUST-00235,264.55 USD,2024-07-26,North
TXN-004207,CUST-00110,336.31,2024-10-12,South
TXN-002101,CUST-00271,805.85,2024-02-03,South
TXN-003223,CUST-00207,1171.91,2025-01-31,South
TXN-000481,CUST-00361,141.36,2024-09-19,East
TXN-003345,CUST-00234,82.77,2025-01-10,East
TXN-004171,CUST-00117,228.27,2025-04-22,North
TXN-004002,CUST-00235,995.73,2024-08-13,North
TXN-000081,CUST-00353,1304.70,2025-04-29,South
TXN-004104,CUST-00370,268.82,2025-05-09,South
TXN-004085,CUST-00369,184.26,2024-01-01,West
TXN-001751,CUST-00414,778.52,2025-03-05,North
TXN-003791,CUST-00076,202.60,2025-06-07,East
TXN-004544,CUST-00076,158.36,2024-01-12,East
TXN-003772,CUST-00018,49.10,2025-12-04,North
TXN-004312,CUST-00381,192.44,2025-04-24,West
TXN-004498,CUST-00324,168.99,2024-06-11,South
TXN-000443,CUST-00094,101.25,2025-06-12,Central
TXN-003667,CUST-00464,108.76,2024-08-09,South
TXN-004998,CUST-00140,108.52,2025-03-16,West
TXN-003931,CUST-00156,28.54,2024-06-16,North
TXN-000601,CUST-00143,397.03,2025-03-16,North
TXN-002702,CUST-00407,139.11,2024-06-25,South
TXN-003166,CUST-00381,36.05,2025-12-11,Central
TXN-000327,CUST-00334,116.80,2024-06-06,West
TXN-004800,CUST-00322,40.07,2024-10-02,Central
TXN-002765,CUST-00272,35.41,2024-03-10,East
TXN-004103,CUST-00080,99.61,2024-06-08,East
TXN-000058,CUST-00110,38.54,2025-07-13,South
TXN-000738,CUST-00040,447.31,2025-09-04,West
TXN-000349,CUST-00068,1257.61,2025-01-12,West
TXN-004014,CUST-00253,18.30,2025-06-05,South
TXN-004054,CUST-00406,518.20,2024-09-28,Central
TXN-003232,CUST-00375,35.69,2024-05-23,North 
TXN-001343,CUST-00500,256.90,2025-06-03,East
TXN-001244,CUST-00184,442.79,2025-10-23,South
TXN-000625,CUST-00288,49.94,2025-10-06,North
TXN-000368,CUST-00197,37.84,2024-03-12,East
TXN-004197,CUST-00159,68.46,2024-10-09,North
TXN-001007,CUST-00085,189.92,2025-07-30,West
TXN-001925,cust-00469,25.55,2024-08-14,Central
TXN-000442,CUST-00491,195.19,2024-08-14,South 
TXN-000777,CUST-00085,101.77,2024-09-09,West
TXN-000628,CUST-00182,38.08,2025-09-27,North
TXN-002169,CUST-00114,16.07,2025-08-25,North
TXN-003704,CUST-00445,118.12,2025-11-10,South
TXN-002229,CUST-00384,200.70,2024-07-05, South
TXN-000982,CUST-00232,34.47,2025-09-10,Central
TXN-004519,CUST-00357,106.10,2025-02-08,north
TXN-002065,CUST-424,231.33,2024-04-07,South
TXN-002838,CUST-00119,252.38,2025-08-26,
TXN-000912,CUST-00305,1140.84,2024-04-11,South
TXN-002663,CUST-00109,80.30,2024-01-06, West
TXN-003432,CUST-00116,245.82,2024-04-03,East
TXN-001041,CUST-91037,520.51,2025-02-16,North
TXN-000556,CUST-00397,25.87,2025-03-08,East
TXN-002992,CUST-00422,50.06,2024-09-07,Central
TXN-002335,CUST-00314,218.21,2025-04-11,East
TXN-001867,CUST-00428,17.24,2025-05-09,West
TXN-001279,CUST-00160,619.80,2025-08-16,South
TXN-003120,CUST-00356,527.47,2025-06-02,West
TXN-001949,CUST-00233,47.26,2025-07-24,South
TXN-004636,CUST-00326,109.11,2024-08-24,East
TXN-002568,CUST-00271,325.76,2024-01-27,South
TXN-001209,CUST-00083,90.63,2025-02-09,Central
TXN-000325,CUST-00128,154.49,2025-05-04,South
TXN-003204,CUST-00152,45.21,2025-12-20,North
TXN-002445,CUST-00112,26.47,2024-01-29,East
TXN-001264,CUST-00360,446.36,2024-08-15,South
TXN-000266,CUST-00156,203.52,2025-10-30,North
TXN-001908,CUST-00024,88.44,2024-09-04,East
TXN-003869,CUST-00245,47.04,2024-11-08,South
TXN-001655,CUST-00123,253.88,2025-08-25,South
TXN-004802,CUST-00307,35.18,2025-05-06,Central 
TXN-002085,CUST-00267,405.28,2024-03-23,East
TXN-004011,CUST-00271,1234.66,2025-09-06,South
TXN-003199,CUST-00329,1035.55,2024-09-03,South
TXN-003533,CUST-00002,626.53,2025-08-22,South
TXN-000578,CUST-00487,303.08,2024-05-06,West
TXN-004081,CUST-00076,467.75,2024-02-04, East
TXN-000365,CUST-00452,110.02,2024-06-04,East
TXN-004341,CUST-237,519.46,2024-11-11,North
TXN-001719,CUST-00208,365.75,2025-08-08,West
TXN-003582,CUST-00269,875.15,2024-09-14,Central
TXN-002611,CUST-00118,77.51,2025-06-10,North
TXN-004092,CUST-00111,818.17,2025-05-31,Central
TXN-000428,CUST-00466,243.82,2025-07-02,East
TXN-004304,CUST-00353,80.03,2025-02-07,South
TXN-001456,CUST-00434,94.88,2025-09-20,South
TXN-002126,CUST-00417,303.24,2025-04-01,Central
TXN-001304,CUST-00139,410.35,2024-02-26,West
TXN-003995,CUST-00465,69.78,2025-04-15,West
TXN-000820,CUST-00230,26.20,2025-07-19,North
TXN-004158,CUST-00178,252.60,2025-06-12,West
TXN-001140,CUST-00343,24.59,2025-04-09,Central
TXN-002322,CUST-00126,111.76,2024-11-28,Central
TXN-002544,CUST-393,75.98,2024-09-09,Central
TXN-003463,CUST-00444,55.56,2024-11-13,West
TXN-004803,CUST-00273,876.90,2025-01-19,North
TXN-001046,CUST-00242,154.58,2025-02-24,West
TXN-001740,CUST-00121,285.74,2025-04-27,West
TXN-000868,CUST-00492,179.11,2024-04-29,Central
TXN-002604,CUST-00429,237.75,2024-01-08,North
TXN-003381,CUST-00344,37.37,2024-10-03,East
TXN-000539,CUST-97556,45.70,2024-01-16,North
TXN-004068,CUST-00280,31.80,2025-10-15,West
TXN-001489,CUST-00411,194.20,2025-06-03,Central
TXN-001988,CUST-00132,50.41,2025-08-31,East
TXN-002898,CUST-00170,819.56,2024-10-28,South
TXN-004416,CUST-00352,668.18,2024-01-30,Central
TXN-001095,CUST-00500,62.99,2024-10-12,East
TXN-000728,CUST-00226,106.91,2024-01-14,West
TXN-000170,CUST-00224,154.63,2024-04-01,West
TXN-001848,CUST-00257,85.67,2024-03-04,North
TXN-004256,CUST-00410,438.79,2025-05-21,Central
TXN-002036,CUST-00129,446.80,2024-09-04,Central
TXN-003235,cust-00352,322.68,2024-08-23,Central
TXN-001741,CUST-00478,236.63,2024-06-02,East
TXN-002187,CUST-00233,59.93,2024-02-02,South
TXN-004460,CUST-00432,77.15,2024-11-16,EAST
TXN-004874,CUST-00122,$90.85,2024-04-19,West
TXN-001192,CUST-00259,229.37,2025-06-03,Central
TXN-000999,CUST-00156,195.61,2025-07-11,
TXN-000695,CUST-00001,,2024-02-18,Central
TXN-001723,CUST-00476,537.52,2024-02-14,North
TXN-003610,CUST-00481,46.98,2025-06-23,South
TXN-001102,CUST-00417,342.09,2025-02-17,Central
TXN-004418,CUST-00332,901.81,2025-10-27,North
TXN-001213,CUST-00323,435.87,2024-03-10,West
TXN-000001,CUST-00491,412.39,2024-04-26,South
TXN-000517,CUST-00167,74.72,2024-11-19,Central
TXN-003276,CUST-00281,225.53,2025-04-25,Central
TXN-001508,CUST-00495,1125.39,2024-09-07,South
TXN-003827,CUST-00317,1314.67,2024-04-23,South
TXN-002883,CUST-252,214.81,2024-02-08,North
TXN-004487,CUST-00464,25.71,2024-09-25,South
TXN-001360,CUST-00288,27.93,2025-04-01,North
TXN-003288,CUST-00076,595.76,2024-06-08,East
TXN-004570,CUST-00397,73.16,2024-07-03,East
TXN-001224,CUST-00252,228.91,2024-08-26,North
TXN-004844,CUST-00244,116.51,2024-07-21,Central
TXN-004830,CUST-00004,338.27,2024-12-06,Central
TXN-003477,CUST-00461,82.45,2025-07-10,Central
TXN-001709,CUST-00309,753.43,2024-06-06,North
TXN-004351,CUST-00116,25.41,2024-03-26,East
TXN-003157,CUST-00456,38.63,2025-06-25,North
TXN-004695,CUST-00121,81.39,2025-02-09,West
TXN-001832,CUST-00414,60.77,2025-12-01,north
TXN-000456,CUST-00324,38.51,2024-03-03,South
TXN-004868,CUST-00072,214.18,2025-05-21,
TXN-000692,CUST-00411,1111.28,2025-02-15,Central
TXN-004747,CUST-00276,396.85,2024-01-18,West
TXN-002373,CUST-00140,164.90,2024-10-31,West
TXN-001171,CUST-00499,299.04,2025-04-01,North
TXN-003386,CUST-00477,112.88,2025-01-20,North
TXN-001696,CUST-00133,84.26,2025-11-24,Central
TXN-000067,CUST-00471,219.97,2025-03-15,Central
TXN-001911,CUST-00426,35.65,2024-11-08,South
TXN-002938,CUST-00171,423.82,2025-03-22,West
TXN-000421,CUST-00178,51.01,2024-05-30,West
TXN-003673,CUST-00093,566.10,2025-05-15,South
TXN-004830,CUST-00004,338.27,2024-12-06,Central
TXN-004625,CUST-00019,,2025-07-14,North
TXN-003112,CUST-00331,20.05,2024-11-22,E
TXN-001229,CUST-00210,114.27,2025-05-01,North
TXN-003268,CUST-00403,607.13,2025-09-07,East 
TXN-004121,CUST-00218,503.17,2024-06-12,South
TXN-004704,CUST-00055,18.11,2024-03-04,West
TXN-003993,CUST-00369,235.61,2024-08-26,West
TXN-002057,CUST-00273,56.65,2024-01-25,North
TXN-004069,CUST-00299,900.90,2024-09-25,West
TXN-002608,CUST-00398,509.89,2025-09-13,Central
TXN-004872,CUST-00007,562.76,2024-06-27,Central
TXN-002660,CUST-00331,1253.53,2024-05-29,East
TXN-003888,CUST-00351,17.20,2024-01-03,Central
TXN-001478,CUST-00310,383.59,2025-03-16,Central
TXN-003749,CUST-00110,705.28,2025-05-01,South
TXN-000383,CUST-00392,675.22,2024-04-15,Central
TXN-003902,CUST-00083,87.12,2025-06-10,Central
TXN-004274, CUST-00195,62.67,2025-08-30,East
TXN-001809,CUST-00490,484.72,2024-03-21,East
TXN-000068,CUST-00184,44.04,2024-02-06,South
TXN-004294,CUST-00378,487.80,2025-01-18,Central
TXN-000621,CUST-00154,42.14,2025-02-21,Central
TXN-000391,CUST-00131,18.13,2025-10-30,EAST
TXN-002331,CUST-00237,229.20,2024-07-06,North
TXN-004699,CUST-00201,439.98,2024-08-19,South
TXN-002530,CUST-00087,312.71,2025-12-11,Central
TXN-003150,CUST-00352,1321.10,2024-09-17,Central
TXN-000499,CUST-00329,478.56,2025-01-15,South
TXN-002292,CUST-00085,84.29,2025-03-14,West
TXN-001754,CUST-00462,111.75,2025-01-17,East
TXN-001984,CUST-00253,235.15,2024-12-06,South
TXN-004986,cust-00126,920.22,2025-01-22,Central
TXN-000624,CUST-00159,305.37,2025-09-27,North
TXN-003962,CUST-00142,73.65,2024-08-16,Central
TXN-000631,CUST-00302,97.10,2024-07-23,South
TXN-000430,cust-00495,57.88,2025-06-13,South
TXN-001868,CUST-00166,50.00,2024-08-12,North
TXN-004935,CUST-00402,966.61,2024-12-07,North
TXN-002205,CUST-00362,536.23,2024-12-01,West
TXN-002589,CUST-00269,79.96,2025-06-14,Central
TXN-003163,CUST-00371,-925.70,2024-12-24,Central
TXN-003525,CUST-00173,939.15,2024-12-01,North 
TXN-000338,CUST-00086,136.94,2025-11-27,west
TXN-001351,CUST-00207,41.54,2025-05-18,West
TXN-000511,CUST-00063,468.09,2025-12-31,North
TXN-003759,CUST-00304,266.49,2024-10-02,North
TXN-003259,CUST-00408,26.14,2024-11-14,SOUTH
TXN-000485,CUST-00476,15.92,2024-07-29,North
TXN-002496,CUST-00420,197.61,2025-07-07,North
TXN-004359,CUST-00252,1022.86,2025-07-20,North
TXN-003011,CUST-00064,74.54,2024-01-03,West
TXN-004582,CUST-00175,59.45,2024-01-05,West
TXN-002712,CUST-00169,1030.20,2025-05-17,North
TXN-004160,CUST-00368,49.35,2025-02-17,West
TXN-000733,CUST-00162,16.78,2025-10-31,West
TXN-001150,CUST-00456,497.66,2025-03-13,North
TXN-000264,CUST-00126,48.66,2024-07-19,Central
TXN-000096,CUST-00234,141.83,2025-09-25,East
TXN-001311,CUST-00162,41.05,2025-10-31,West
TXN-004615,CUST-00116,28.05,2025-06-04,North
TXN-002439,CUST-00003,367.29,2024-01-04,South
TXN-000690,CUST-00390,151.18,2024-09-02,South
TXN-004594,CUST-00119,1076.55,2024-08-11,East
TXN-001271,CUST-00071,1286.33,2024-07-07,East
TXN-003615,CUST-00400,51.75,2024-08-09,West
TXN-004361,CUST-00061,439.09,2024-01-29,North
TXN-001817,CUST-00418,527.69,2024-03-01,North
TXN-000168,CUST-00252,233.88,2025-12-05,North
TXN-002666,CUST-00083,177.44,2025-09-01,Central
TXN-001729,CUST-00444,82.64,2024-03-02,West
TXN-000885,CUST-00306,228.53,2025-06-11,Central
TXN-002794,CUST-00448,38.54,2024-06-19,East
TXN-003654,CUST-00444,32.25,2024-11-24,West
TXN-000698,CUST-00413,39.23,2025-10-28, South
TXN-003518,CUST-00173,110.73,2025-02-13,North
TXN-002472,CUST-00219,61.97,2024-10-01,West
TXN-001137,CUST-00110,99.35,2024-05-30,South
TXN-001940,CUST-00321,181.71,2025-11-20,North
TXN-004658,CUST-00184,808.77,2024-08-22,South
TXN-000002,CUST-00169,72.29,06/11/2025,North
TXN-002360,CUST-00280,1067.00,2025-09-20,West
TXN-002281,CUST-00283,466.31,2024-06-06,West
TXN-003730,CUST-00288,128.18,2024-10-22,North
TXN-004248,CUST-00023,614.97,2024-07-17,East
TXN-001368,CUST-93433,24.27,2025-12-24,Central
TXN-002174,CUST-00493,235.14,2024-01-05,South
TXN-004367,CUST-00306,495.60,2024-09-25,Central
TXN-001003,CUST-00310,66.85,2024-03-27,Central
TXN-002653,CUST-00021,118.93,2025-05-11,East
TXN-004857,CUST-00322,57.05,2025-02-17,Central
TXN-004612,CUST-00083,1371.07,2025-12-17,Central
TXN-004756,CUST-00132,244.68,2024-08-26,East
TXN-002758,CUST-00342,59.28,2025-09-21,East
TXN-001130,CUST-00125,44.20,2025-06-25,South
TXN-004356,cust-00437,89.01,2024-01-22,South
TXN-002952,CUST-00126,1437.68,2025-11-16,Central
TXN-000748,CUST-00383,1294.68,2025-08-22,Central
TXN-002875, CUST-00386,47.39,2024-09-08,West
TXN-004709,CUST-00086,144.66,2024-04-26,West
TXN-003282,CUST-00126,182.40,2024-01-29,Central
TXN-004773,CUST-00245,1229.91,2024-04-04,South
TXN-000570,CUST-00413,316.34,2024-09-23,South
TXN-001828,CUST-00007,294.88,2024-02-03,C
TXN-001444,CUST-00027,16.95,2025-08-18,East
TXN-004791,CUST-00019,124.84,2025-07-28,North
TXN-002974,CUST-00021,41.30,2024-03-10,East
TXN-002232,CUST-00103,109.40,2024-10-13,West
TXN-000967,CUST-00047,204.75,2024-06-09,Central
TXN-003954,CUST-00259,1442.86,2025-05-26,Central
TXN-002417,CUST-00493,1320.32,2025-10-07,South 
TXN-002915,CUST-00422,187.37,2024-06-01,North
TXN-004391,CUST-00151,341.12,2025-12-29,Central
TXN-002704,CUST-00059,32.14,2025-08-28,Central
TXN-002005,cust-00224,22.24,2024-09-01,West
TXN-000193,CUST-00174,109.34,2024-10-29,South
TXN-004106,CUST-00414,1229.40,2024-06-20,North
TXN-004662,CUST-00377,1367.69,2024-09-02,South
TXN-001864, CUST-00031,38.27,2025-03-11,East
TXN-000969,CUST-00456,191.35,2025-05-02,North
TXN-001933,cust-00175,460.97,2024-12-10,West
TXN-000503,CUST-00495,921.49,2025-01-11,South
TXN-002590,CUST-00102,36.55,2025-11-25,East
TXN-003663,CUST-00121,484.86,2025-10-08,West
TXN-003091,CUST-00352,108.94,2025-01-24,Central
TXN-004805,CUST-00452,198.59,2024-12-27,EAST
TXN-003155,CUST-94221,119.52,2025-03-14,East
TXN-000358,CUST-00427,51.91,2025-11-11,East
TXN-002122,CUST-00240,524.88,2025-08-08,South
TXN-003445,CUST-00138,844.91,2024-03-13,north
TXN-003458,CUST-00479,16.89,2025-07-23,Central
TXN-003799,CUST-00214,203.67,2025-08-24,South
TXN-003514,CUST-00083,34.13,2024-01-28,Central
TXN-004224,CUST-00214,57.51,2025-06-12,South
TXN-000497,CUST-00054,83.33,2024-04-25,South
TXN-002077,CUST-00397,487.38,27/03/2025,East
TXN-004856,CUST-00392,29.23,2025-05-07,Central
TXN-003648,CUST-00143,48.13,2025-07-29,North
TXN-002411,CUST-00110,1416.36,2025-04-26,South
TXN-001109,CUST-00099,702.30,2025-03-26,Central
TXN-002392,CUST-00412,93.67,2025-09-28,South
TXN-001402,CUST-00171,217.05,2024-01-19,West
TXN-000721,cust-00427,213.19,2025-11-22,East
TXN-002154,CUST-00481,68.28,2025-08-22,South
TXN-001068,CUST-00305,165.90,2025-04-27,South
TXN-001506,CUST-00044,509.80,2024-10-13,East
TXN-003601,CUST-00247,281.17,2024-06-24,Central
TXN-001902,CUST-00185,327.19,2025-06-22,North
TXN-002400,CUST-00370,67.09,2024-01-13,South
TXN-003428,CUST-00296,39.11,2025-05-09,North
TXN-003413,CUST-00341,340.26,2024-05-23,South
TXN-000037,CUST-00396,83.68,2024-09-03,West
TXN-003930,CUST-00223,25.22,2024-01-19,West
TXN-004837,CUST-00192,97.09,2025-05-21,North
TXN-001675,CUST-00313,70.43,2025-07-31,central
TXN-003312,CUST-00238,237.95,2025-04-23,
TXN-002083,CUST-00331,136.10,2025-05-23,east
TXN-004669,CUST-00299,$232.49,2024-06-06,West
TXN-002441,CUST-00275,105.62,2025-02-07,NORTH
TXN-000996,CUST-00380,340.15,2025-10-14,Central
TXN-000252,CUST-00208,1278.55,2025-12-28,West
TXN-001355,CUST-00063,37.59,2025-08-23,Central
TXN-002174,CUST-00493,235.14,2024-01-05,South
TXN-004039,CUST-00257,33.59,2024-12-08,North
TXN-003808,CUST-00388,41.76,2025-05-23,West
TXN-002188,CUST-00181,406.95,2024-02-08,Central
TXN-004959,CUST-00466,739.98,2024-11-17,East
TXN-001193,CUST-00417,288.23,2024-11-02,Central
TXN-003889,CUST-00415,404.28,2024-04-17,West
TXN-001202,CUST-00324,1399.02,2024-03-08,South
TXN-001677,CUST-00110,45.88,2024-03-16,South
TXN-003598,CUST-00440,36.27,2024-10-24,South
TXN-003541,CUST-00172,396.79,2025-08-05,South
TXN-004097,CUST-00495,102.21,2024-02-08,South
TXN-003530,CUST-00324,111.08,2025-12-17,South
TXN-002569,CUST-00103,61.27,2025-11-03,West
TXN-002748,CUST-00483,44.05,2025-09-15,South
TXN-002603,CUST-00074,85.15,2025-02-23,Central
TXN-003113,CUST-00281,51.07,2024-11-13,Central
TXN-001266,CUST-00219,107.20,2024-10-02,West
TXN-001422,CUST-00350,772.91,2025-04-25,North
TXN-002739,CUST-00036,18.63,2024-04-15,South
TXN-003293,cust-00236,511.59,2025-06-28,Central
TXN-003106,CUST-00318,312.88,2025-11-24,West
TXN-000513,CUST-00045,38.40,2024-08-02,West
TXN-004845,CUST-00455,135.44,2024-09-09,South
TXN-003425,CUST-00143,26.85,2024-11-30,North
TXN-002806,CUST-00380,146.15,2024-04-03,Central
TXN-004309,CUST-00324,27.08,2024-06-03,South
TXN-004070,CUST-00048,54.78,2024-03-22,East
TXN-001020,CUST-00156,85.48,2025-10-06,North
TXN-000713,CUST-00273,21.09,2025-06-07,North
TXN-001063,CUST-00040,219.25,2025-04-21,North 
TXN-000107,CUST-00029,417.33,2025-09-11,South
TXN-004624,CUST-00143,122.76,2025-05-06,North
TXN-004575,CUST-00400,230.52,2025-08-06,West
TXN-001029,CUST-00090,402.49,12/03/2024,Central
TXN-004386,CUST-00077,27.48,2024-07-23,West
TXN-002581,CUST-00085,981.02,2025-12-21,East
TXN-004719,CUST-90861,79.88,2024-02-01,West
TXN-003845,CUST-00154,240.59,2025-05-01,Central
TXN-000161,CUST-94904,47.98,2024-01-28,North
TXN-000712,CUST-00364,232.76,2025-01-25,South
TXN-004258,CUST-114,36.15,2025-05-07,North
TXN-002228,CUST-00486,955.58,2025-06-22,North
TXN-004977,CUST-00080,1263.28,2024-04-08,East
TXN-004056,CUST-00110,183.25,2025-02-06,South
TXN-000259,CUST-00210,60.93,2024-03-18,North
TXN-003079,CUST-00116,186.98,2025-10-17,East
TXN-003623,CUST-00203,413.37,2025-03-09,West
TXN-004004,CUST-00031,510.72,2025-11-01,East
TXN-004059,CUST-00037,28.23,2024-06-16,East
TXN-004188,CUST-00149,89.72,2025-05-06,Central
TXN-001806,CUST-00413,90.61,2025-02-11,South 
TXN-002201,CUST-00439,49.36,2024-12-14,West
TXN-004047,CUST-00272,265.77,2025-07-13,East
TXN-002327,CUST-00415,245.12,2024-06-25,West
TXN-000150,CUST-00083,217.14,2024-06-19,Central
TXN-004906,CUST-00311,82.65,2025-01-25,South
TXN-000751,CUST-00142,528.83,2024-05-05,Central
TXN-000204,CUST-00082,1091.42,2024-03-12,East
TXN-001950,CUST-00002,30.14,,South
TXN-003814,CUST-00192,39.35,2025-10-02,North
TXN-004196,CUST-00066,39.74,2025-09-13,South
TXN-003340,CUST-00116,104.21,2024-04-06,East
TXN-003677,CUST-00481,252.58,2024-03-07,South
TXN-000617,CUST-00162,,2024-12-06,West
TXN-000007,CUST-00076,67.91,2025-07-27,E
TXN-001927,CUST-00080,506.37,2024-06-18,East
TXN-003206,CUST-00388,34.18,2025-05-04,West
TXN-002375,CUST-00273,35.85,2024-08-24,North
TXN-001790,CUST-00265,1042.83,2024-04-01,North
TXN-004447,CUST-00156,47.27,2024-10-30,North
TXN-000312,CUST-00110,116.53,2024-04-09,South
TXN-002246,CUST-00299,62.03,2025-07-19,West
TXN-001323,CUST-00444,456.96,2024-01-11,West
TXN-001496,CUST-00426,1106.99,2025-09-01,South
TXN-000804,CUST-00307,241.48,2025-01-10,Central
TXN-004518,CUST-00359,48.55,2025-01-21,West
TXN-000396,CUST-00145,195.87,2024-11-01,Central
TXN-001544,CUST-00054,128.41,2025-07-14,South
TXN-004190,CUST-00335,28.94,2024-03-23,West
TXN-000102, CUST-00366,438.90,2025-07-13,North
TXN-003775,CUST-00221,393.36,2025-06-18,North
TXN-002343,CUST-00006,52.76,2025-11-17,East
TXN-001588,CUST-00481,128.07,2025-04-04,South
TXN-004640,CUST-00167,64.99,2024-08-06,Central
TXN-003695,CUST-00286,220.81,2024-05-18,West
TXN-001700,CUST-00355,31.05,2025-06-11,West
TXN-000856,CUST-00198,134.60,2024-02-26, North
TXN-000385,CUST-00253,23.39,2024-09-26,South
TXN-003815,CUST-00322,47.74,2025-11-24,Central
TXN-003393,CUST-00061,325.84,2025-03-05,North
TXN-002755,cust-00128,82.34,2025-09-11,South
TXN-004214,CUST-00332,453.83,2024-08-27,North
TXN-000470,CUST-00081,97.64,2024-12-19,North
TXN-004444,CUST-00413,133.19,2024-07-26,South
TXN-000533,CUST-00192,47.65,2024-04-03,North
TXN-002019,CUST-00219,1095.51,2024-05-15,West 
TXN-003605,CUST-00231,131.10,2025-04-30,East
TXN-002804,CUST-00184,1214.25,2025-02-12,South
TXN-003970,CUST-00083,22.26,2025-12-03,C
TXN-000700,CUST-00259,26.04,2024-02-14,Central
TXN-001641,CUST-00116,200.02,2024-08-15,South
TXN-004850,CUST-00284,215.58,2024-01-22,Central
TXN-001433,CUST-00329,-28.32,2024-08-25,South
TXN-002215,CUST-00182,41.61,2024-05-02,North
TXN-004027,CUST-00076,27.25,2024-06-04,East
TXN-004071,CUST-00074,38.01,2024-02-25,Central
TXN-001780,CUST-00353,221.48,2025-01-29,South
TXN-004046,CUST-00143,202.62,2024-01-06,North
TXN-004368,CUST-00126,179.31,2025-05-28,Central
TXN-003692,CUST-00272,467.55,2024-12-13,East
TXN-000025,CUST-00074,465.06,2024-11-01,Central
TXN-004538,CUST-00299,272.51,2024-10-28,West
TXN-001733,CUST-00495,210.85,2024-03-02,South
TXN-003023,CUST-00076,28.28,2025-06-30,East
TXN-004063,CUST-00040,195.80,2024-04-07,North
TXN-001488,CUST-00418,1424.80,2024-09-21,East
TXN-000862,CUST-00156,47.99,2024-06-21,North
TXN-003807,CUST-00226,611.20,2025-05-11,West
TXN-000375,CUST-00469,416.26,2025-02-16,Central
TXN-004762,CUST-00201,44.96,2025-04-14,South
TXN-001573,CUST-00279,91.77,2025-05-24,North
TXN-003192,CUST-00413,242.79,2024-11-22, South
TXN-000098,CUST-00107,327.27,2025-08-24,East
TXN-003372,CUST-00145,40.55,2024-02-21,Central
TXN-000461,CUST-00225,246.41,2024-01-13,central
TXN-001559,CUST-00479,106.56,2025-03-02,Central
TXN-000766,CUST-00110,444.67,2024-01-07,South
TXN-001127,CUST-00214,77.13,2025-12-05,Central
TXN-001428,CUST-00455,85.83,2025-11-16,South
TXN-003746,CUST-00458,18.52,2025-01-23,South
TXN-001983,CUST-00143,35.07,2025-01-22,North
TXN-000961,CUST-00357,112.31,2024-03-07,North
TXN-000706,CUST-00259,792.60,2025-12-23,Central
TXN-004066,CUST-00184,$196.18,2025-10-28,South
TXN-004145,CUST-00500,35.27,2024-07-23,East
TXN-000380,CUST-00202,318.29,2024-01-06,East
TXN-004462,CUST-00299,564.87,2024-01-06,West
TXN-003878,CUST-00011,1323.77,2025-03-08,Central
TXN-002157,CUST-00497,559.69,2024-02-01,NORTH
TXN-001187,CUST-00137,106.61,2024-05-29,West
TXN-004479,CUST-00477,46.70,2024-06-07,North
TXN-003890,CUST-00198,71.82,2025-05-11,North
TXN-000571,CUST-00243,194.53,2025-11-05,West
TXN-003754,CUST-00081,100.97,2024-01-17,North
TXN-002302,CUST-00316,31.42,2025-02-13,North
TXN-003140,CUST-00283,404.96,30/04/2025,West
TXN-001771,CUST-00402,15.44,2024-09-27,North
TXN-002088,CUST-00429,567.49,2025-07-31,North
TXN-000946,CUST-00126,421.65,2025-03-14,Central
TXN-003213,CUST-00395,354.10,2024-10-22,North
TXN-002209,CUST-00387,103.47,2025-03-13,North
TXN-001017,CUST-00324,151.17,2025-03-11,South
TXN-002075,CUST-00136,71.69,2024-09-24,West
TXN-004983,CUST-00066,141.47,2024-03-02,South
TXN-004852,CUST-00495,56.17,2025-11-12,South
TXN-003418,CUST-00051,530.71,2025-09-03,East
TXN-003039,CUST-00281,145.52,2024-02-18,Central
TXN-002477,CUST-00235,695.46,2025-05-14,north
TXN-001686,CUST-00002,933.98,2025-02-24,South
TXN-002981,CUST-00259,105.76,2024-01-18,Central
TXN-002970,CUST-00052,700.30,2024-06-13,E
TXN-004794,CUST-00156,40.50,2025-07-13,North
TXN-000984,CUST-00290,201.11,2024-06-22,West
TXN-003574,CUST-00420,25.11,2024-01-15,West
TXN-004721,CUST-00110,539.47,2025-04-05,South
TXN-003339,CUST-00324,45.24,2025-11-06,South
TXN-003946,CUST-00067,87.18,2025-03-21,East
TXN-002125,CUST-00298,88.05,2025-11-10,North
TXN-000319,CUST-00428,49.14,2024-09-19,West
TXN-000914,CUST-00307,95.77,2024-11-25,Central 
TXN-003421,CUST-00398,85.58,2024-01-03,Central
TXN-002785,CUST-00219,435.24,2025-03-07,West
TXN-002504,CUST-00500,80.30,2024-04-18,East
TXN-003608,CUST-00040,38.31,2024-09-09,North
TXN-002191,CUST-00145,673.09,2025-01-17,Central
TXN-003291,CUST-00226,79.79,2025-04-25,West
TXN-001070,CUST-00424,24.31,2024-06-27,South
TXN-003089,CUST-00226,62.84,2025-05-05,West
TXN-002253,CUST-00453,22.60,2024-03-11,West
TXN-000784,CUST-00491,558.44,2025-06-20,South
TXN-001583,CUST-00154,$82.81,2025-02-25,Central
TXN-001267,CUST-00272,490.99,2024-11-19,East
TXN-003081,CUST-00156,455.41,2024-03-31,North
TXN-004525,CUST-00041,37.62,2024-01-14,South
TXN-002628,CUST-00364,924.09,2025-09-27,South
TXN-001762,CUST-00151,38.66,2025-09-25,North
TXN-002727,CUST-00021,221.17,2024-04-25,East
TXN-003305,CUST-00110,41.17,2024-10-17,South 
TXN-004961,CUST-00143,604.98,2024-11-29,North
TXN-001878,CUST-00259,544.20,2025-12-15,Central
TXN-002314,CUST-00085,80.04,2024-03-15,West
TXN-003771,CUST-00256,201.80,2024-05-16,South
TXN-004412,CUST-00288,79.18,2024-04-13,North
TXN-004077,CUST-00364,45.99,2024-12-17,South
TXN-003368,CUST-00223,90.98,2025-05-11,West
TXN-001886,CUST-00190,871.69,2024-01-12,West
TXN-001994,CUST-00325,39.71,2024-09-16,South
TXN-001295,CUST-00125,47.83,2024-10-21,South
TXN-002184,CUST-00240,702.43,2025-08-18,Central
TXN-004536,CUST-00297,121.54,2025-06-01,East
TXN-001375,CUST-00088,19.25,2024-09-01,North
TXN-004997,CUST-00344,74.53,2024-11-24,East
TXN-003571,CUST-00201,235.44,2024-04-13,South
TXN-004296,CUST-00103,321.11,2024-08-04,West
TXN-002381,CUST-00169,51.06,2024-07-15,North
TXN-004020,CUST-00420,1177.94,2024-05-20,North
TXN-003887,CUST-00226,-103.75,2025-06-13,West
TXN-001053,CUST-00126,226.60,2024-04-18,Central
TXN-004858,CUST-00219,434.41,2025-08-07,West
TXN-003527,CUST-00200,506.54,2025-10-03,North
TXN-002368,CUST-00230,43.16,2024-08-08,East
TXN-004546,CUST-00214,245.62,2025-06-01,West
TXN-002751,CUST-00495,48.21,2024-10-04,South
TXN-001948,CUST-00338,82.52,2024-05-13,East
TXN-004381,CUST-00454,50.85,2024-10-31,C
TXN-003898,CUST-00047,71.10,2025-06-04,Central
TXN-003588,CUST-00211,257.99,2024-11-24,central
TXN-002337,CUST-00313,1080.59,2024-05-23,Central
TXN-002805,CUST-00083,42.25,2024-08-01, Central
TXN-000300,CUST-00114,538.40,2024-10-05,North
TXN-004288,CUST-00481,780.78,2024-06-05,South
TXN-002269,CUST-00322,180.85,2025-02-14,Central
TXN-002197,CUST-00308,588.64,2025-10-20,Central
TXN-000413,CUST-00319,51.25,2024-01-10,East
TXN-000545,CUST-00413,219.70,2025-09-15,South
TXN-003167,CUST-00202,22.41,2025-04-06,East
TXN-003841,CUST-00034,553.71,2025-08-22,South
TXN-000913,CUST-00040,82.46,2024-12-13,North
TXN-002370,CUST-00322,66.50,2024-05-08,Central
TXN-002584,CUST-00086,469.40,2024-04-06, West
TXN-003374,CUST-00152,40.47,2025-06-28,North
TXN-000860,CUST-00276,24.82,2025-04-11,West
TXN-001970,CUST-00229,332.98,2024-06-05,East
TXN-003705,CUST-00208,199.56,2024-08-16,West
TXN-004973,CUST-00191,27.90,03/09/2024,West
TXN-004394,CUST-00399,443.68,2025-01-06,Central
TXN-004393,CUST-00136,31.06,2025-01-30,West
TXN-002841,CUST-00040,361.80,2025-09-02,North
TXN-004053,CUST-00028,117.05,2025-10-22,East
TXN-004186,CUST-00066,132.69,2025-12-24,South
TXN-000805,CUST-00474,18.11,2025-04-25,South
TXN-004285,CUST-00465,1311.91,2025-01-11,West
TXN-000223,CUST-00263,270.78,2025-08-19,North
TXN-001212,CUST-00449,27.90,2024-05-17,East
TXN-002854,CUST-00188 ,192.33,2025-08-16,South
TXN-003375,CUST-00156,-16.35,2024-07-29,North
TXN-003617,CUST-00288,61.69,2024-10-13,North
TXN-004473,CUST-00214,1340.59,2024-04-27,South
TXN-001037,CUST-00310,147.74,2024-09-11,Central
TXN-003782,CUST-00309,45.63,2025-11-03,North
TXN-000326,CUST-00322,713.49,2025-05-15,Central
TXN-004933,CUST-00313,425.08,2025-07-11,Central
TXN-004677,CUST-00156,42.24,2025-12-22,North
TXN-004596,CUST-00043,769.07,2024-03-15,West
TXN-002489,CUST-00490,1374.87,2025-02-24,East
TXN-004755,CUST-00349,1253.92,2024-11-26,East
TXN-004839,CUST-00184,420.77,2024-01-04,South
TXN-002997,CUST-00126,1412.16,2024-12-16,Central
TXN-000981,CUST-00329,250.35,2024-02-06,South
TXN-002277,CUST-00273,1192.69,2025-06-29,North
TXN-000146,CUST-00316,46.23,2025-10-27,North
TXN-001589,CUST-00276,746.35,2025-02-14,WEST
TXN-000626,CUST-00435,76.30,2024-04-22,North
TXN-000620,CUST-00093,211.51,2024-11-01,South
TXN-003748,CUST-00459,151.88,2025-11-30,North
TXN-001460,CUST-00417,789.26,2025-09-07,Central
TXN-004113,CUST-00286,338.10,2024-01-31,West
TXN-000753,CUST-00338,47.24,2024-07-13,East
TXN-001776,CUST-00219,46.60,2024-07-26,West
TXN-000242,CUST-00481,438.75,2025-05-27,S
TXN-004909,CUST-00110,1352.41,2024-10-31,South
TXN-001685,CUST-00065,301.76,2024-10-06,North
TXN-003176,CUST-00186,254.24,2025-02-05,South 
TXN-002405,CUST-00075,37.19,2025-09-12,East
TXN-002280,CUST-00055,108.01,2025-08-31,West
TXN-004563,CUST-00285,503.51,2025-12-02,West
TXN-000803,CUST-406,92.56,2025-03-13,Central
TXN-001795,CUST-00254,258.85,2025-11-24,Central
TXN-001513,CUST-00259,47.33,2024-02-18,Central
TXN-004708,CUST-00296,232.78,2025-03-22,north
TXN-001500,CUST-00147,185.07,2024-02-17,South
TXN-001325,CUST-00427,35.64,2025-03-20,East
TXN-003631,CUST-00473,242.50,2025-12-07,West
TXN-004505,CUST-00054,792.84,2024-12-11,South
TXN-000314,CUST-00077,108.10,2025-06-18,West
TXN-003480,CUST-00254,86.20,2024-05-26,central
TXN-000962,CUST-00346,261.84,2024-03-31,West
TXN-003937,CUST-00233,103.19,2024-10-07,South
TXN-003110,CUST-00040,458.92,2024-02-02,North
TXN-002429,CUST-00383,245.09,2024-05-28,Central
TXN-002849,CUST-00315,36.40,2024-04-24,South
TXN-000507,CUST-00215,531.03,2024-01-09,South
TXN-003222,CUST-00190,501.81,2025-08-07,West
TXN-003417,CUST-00239,1173.86,2024-08-28,North
TXN-004792,CUST-00150,101.35,2025-07-23,East
TXN-001176,CUST-00478,113.41,2025-12-06,East
TXN-002840,CUST-00095,37.42,2025-09-30,Central
TXN-003531,CUST-00476,18.39,2025-12-21,North
TXN-002147,CUST-00354,891.95,2024-04-06,South
TXN-004126,CUST-00066,82.09,2024-05-29,South
TXN-004058,CUST-00214,167.28,2025-10-20,South
TXN-003794,CUST-00047,488.94,2025-11-04,Central
TXN-004404,CUST-00055,102.95,2025-01-22,West
TXN-003034,CUST-00344,415.22,2025-01-06,East
TXN-001434,CUST-00154,78.70,2025-07-15,Central
TXN-000395,CUST-97295,239.77,2024-11-19,Central
TXN-001853,CUST-00345,90.95,2025-10-20,East
TXN-000055,CUST-395,19.56,2024-05-16,North
TXN-003724,CUST-00279,87.41,2024-11-09,North
TXN-000512,cust-00190,251.84,2024-01-31,West
TXN-001367,CUST-00043,352.79,2025-05-12,West
TXN-001438,CUST-00288,28.76,2025-05-01,North
TXN-001243,CUST-00264,26.18,2025-07-22,Central
TXN-002428,CUST-00310,1212.60,13/01/2024,Central
TXN-001682,CUST-00345,243.89,2024-11-21,East
TXN-003757,CUST-00083,779.69 USD,2024-10-20,Central
TXN-004107,CUST-00111,76.88,2024-04-22,Central
TXN-004685,CUST-00468,79.83,2024-03-08,East
TXN-000764,CUST-00371,196.17,2024-01-25,North
TXN-000840,CUST-00500,105.44,2024-06-03,East
TXN-002708,CUST-00444,224.50,2024-03-06,West
TXN-001904,CUST-00389,112.01,2024-05-16,West
TXN-004686,cust-00379,240.69,2025-10-18,East
TXN-001498,CUST-00341,-127.63,2024-08-10,South
TXN-000495,CUST-00273,996.30,2024-07-04,East
TXN-002103,CUST-00239,81.03,2025-07-18,North
TXN-002093,CUST-00024,518.45,2024-12-02,East
TXN-002908,CUST-00235,84.87,2025-08-07,North
TXN-001906,CUST-00116,1182.46,2024-01-28,East
TXN-001610,CUST-00066,36.06,2024-02-10,South
TXN-003857,CUST-00122,255.12,2024-08-29,West
TXN-004964,CUST-00453,262.81,2025-10-28,West
TXN-002395,CUST-00299,51.62,2024-10-31,West
TXN-002948,cust-00078,40.59,2024-06-06,Central
TXN-002282,CUST-00233,22.21,2024-12-03,South
TXN-002018,CUST-00255,115.73,2024-08-18,East
TXN-002842,CUST-00414,177.09,2024-11-25,North
TXN-000050,CUST-00218,341.96,2025-04-25,SOUTH
TXN-000478,CUST-00299,25.81,2025-06-18,West
TXN-003124,CUST-00121,538.17,2025-10-18,West
TXN-000331,CUST-00457,630.63,2025-05-31,West
TXN-001999,CUST-00320,112.46,2025-09-28,West
TXN-004530,CUST-00443,1282.91,2025-09-02,East
TXN-003086,CUST-00206,274.33,2024-11-30,North
TXN-003984,CUST-00324,570.27,2024-03-22,South
TXN-002749,CUST-00205,542.11,2025-07-14,Central
TXN-004218,CUST-00121,97.49,2024-02-26,West
TXN-002717,CUST-00481,41.19,2024-07-05,
TXN-003899,CUST-00349,547.14,2025-06-24,East
TXN-001523,CUST-00385,173.23,2024-04-14,West
TXN-004513,CUST-00376,80.35,2024-03-31,Central
TXN-002037,CUST-00245,482.16,2024-08-18,South
TXN-003085,CUST-00043,32.25,2024-10-06,North
TXN-001075,CUST-00331,399.65,2025-04-09,East
TXN-002642,CUST-00288,415.83,2025-01-17,North
TXN-001014,CUST-00270,37.66,2024-03-11,North
TXN-001114,CUST-00043,51.06,2024-02-09,West
TXN-004798,CUST-00127,136.63,2025-05-26,East
TXN-002195,CUST-00405,22.59,2025-04-03,South
TXN-004993,CUST-00283,771.59,2025-04-27,West
TXN-003950,CUST-00310,65.30,2024-05-22,Central
TXN-003047,CUST-00489,256.74,2025-10-01,East
TXN-002914,CUST-00409,17.28,2025-08-15,West
TXN-001884,CUST-00435,39.49,2024-12-09,North
TXN-003240,CUST-00225,238.98,2024-11-10,Central
TXN-002634,CUST-00349,115.82,2024-09-27,East
TXN-003979,CUST-00288,110.91,2024-06-12,North
TXN-004939,CUST-00378,267.78,2024-07-03,Central
TXN-001403,CUST-00277,,2024-07-05,Central
TXN-002679,CUST-00092,93.35,2024-04-15,East
TXN-002944,CUST-00189,117.67,2025-05-11,West
TXN-001636,CUST-00046,685.03,2025-03-19,North
TXN-004405,CUST-00042,135.43,2024-11-02,West
TXN-000575,CUST-00475,19.30,2024-07-22,South
TXN-003271,CUST-00065,996.39,2025-09-20,North
TXN-003709,CUST-00310,169.47,2025-04-12,Central
TXN-001258,CUST-00373,1322.69,2025-04-28,West
TXN-001204,CUST-00182,45.20,2025-11-01,North
TXN-001962,CUST-00304,314.87,2024-05-22,NORTH
TXN-001382,CUST-00054,100.79,2025-04-06,South
TXN-002721,CUST-00100,31.11,2025-07-20,NORTH
TXN-002218,CUST-00087,147.12,2024-09-05,Central
TXN-003162,CUST-00143,26.15,2025-12-22,North
TXN-000544,CUST-00200,1163.64,2024-05-31,North
TXN-000678,CUST-00075,193.34,2024-09-15,East
TXN-003057,CUST-00479,164.53,2025-09-25,Central
TXN-002204,CUST-00032,358.44,2025-01-23,North
TXN-003519,CUST-00420,36.78,2024-12-04,North
TXN-004843,CUST-00137,93.94,2024-07-03,West
TXN-002384,CUST-00093,45.46,2024-08-21,South
TXN-001855,CUST-00268,18.00,2024-11-21,West
TXN-004754,CUST-00409,26.01,2024-03-09,West
TXN-003658,CUST-00245,82.73,2024-01-24,SOUTH
TXN-004428,CUST-00039,34.93,2025-01-18,Central
TXN-003020,CUST-00178,357.77,2024-07-17,West
TXN-000887,CUST-00034,483.64,2025-08-24,South
TXN-002111,CUST-00383,1137.59,2024-10-07,Central
TXN-001664,CUST-00128,138.44,2025-02-04,South 
TXN-002344,CUST-00073,239.63,2025-11-06,North
TXN-003985,CUST-00398,389.21,2025-05-08,Central
TXN-001380,CUST-00486,51.74,2025-10-21,North
TXN-001399,CUST-00303,155.40,2024-12-05,West
TXN-001406,CUST-00324,75.94,2024-03-22,South
TXN-002594,CUST-00226,1006.66,2024-05-30,West
TXN-001510,CUST-00056,690.92,2025-08-05,Central
TXN-004648,CUST-00116,29.33,2025-03-23,East
TXN-001819,CUST-00381,290.94,2025-03-26,Central 
TXN-001078,CUST-00226,211.53,2024-04-18,West
TXN-003594,CUST-00331,1285.62,2025-01-10,East
TXN-003538,CUST-00368,394.64,2025-11-03,West
TXN-003132,CUST-00272,521.22,12/10/2025,East
TXN-001002,CUST-00009,572.80,2025-12-09,South
TXN-000216,CUST-00235,514.58,2024-11-05,North
TXN-002735,CUST-00436,16.30,2024-08-07,West
TXN-003210,CUST-00081,30.92,2024-10-03,North
TXN-001482,CUST-00261,233.12,2025-01-27,East
TXN-002546,CUST-00289,202.62,2024-09-15,North
TXN-003586,CUST-00500,234.49,2024-02-25,East
TXN-001334,CUST-00482,916.46,2025-09-06,West
TXN-003972,CUST-00318,685.93,2025-11-28,West
TXN-003671, CUST-00080,759.34,2025-07-02,East
TXN-003960,CUST-00451,228.54,2024-05-24,North
TXN-004348,cust-00312,252.18,2025-04-22,Central
TXN-004664,CUST-00204,1211.12,2024-08-01,South
TXN-003376,CUST-00010,218.41,2024-03-10,East
TXN-001684,CUST-00151,271.66,2024-12-29,North
TXN-001561,CUST-00072,494.76,2025-09-12,North
TXN-000562,CUST-00021,170.85,2024-01-31,East
TXN-003585,CUST-00488,195.03,2025-05-15,East
TXN-002744,CUST-00422,993.29,2025-12-30,North
TXN-002965,CUST-00412,224.25,2024-09-29,South
TXN-000934,CUST-00010,-47.08,2025-01-05,East
TXN-004984,CUST-00417,23.93,2025-07-10, Central
TXN-003068,CUST-00188,170.88,2024-01-02,South
TXN-004173,CUST-00422,,2024-06-06,North
TXN-001223,CUST-00426,849.17,2025-01-15,South
TXN-002044,CUST-00206,81.57,2024-11-02,North
TXN-000920,CUST-00130,172.92,2024-02-09,West
TXN-001054,CUST-00360,110.34,2025-08-07,South
TXN-002557,CUST-00200,809.04,2024-09-09,North
TXN-002766,CUST-00173,39.42,2025-11-22,North
TXN-002013,CUST-00196,241.29,2024-11-20,Central
TXN-000490,CUST-00128,841.23,2024-07-11,South
TXN-004811,CUST-00107,825.32,2025-12-03,E
TXN-004697,CUST-94527,145.20,2024-07-01,East
TXN-004135,CUST-00128,78.68,2025-02-20,South
TXN-000387,CUST-00014,32.78,2024-02-08,West
TXN-003082,CUST-00277,201.40,2025-08-05,Central
TXN-002827,CUST-00380,66.36,2025-03-01,Central
TXN-004870,CUST-00322,209.69,2025-10-18,Central
TXN-003297,CUST-00121,194.66,2024-08-18,West
TXN-001420,CUST-00089,51.04,2024-10-10,South
TXN-000108,CUST-00116,30.24,2025-05-18,East
TXN-002480,CUST-00206,561.69,2024-11-23,North
TXN-003344,CUST-00190,184.17,2025-11-27,West
TXN-003478,CUST-00422,886.90,2025-08-18,North
TXN-000898,CUST-00242,31.49,2025-06-19,West
TXN-000205,CUST-00324,47.09,2024-04-25,South
TXN-001772,CUST-00014,104.50,2024-02-13,West
TXN-002306,CUST-00368,42.60,2024-05-05,West
TXN-004275,CUST-00324,224.86,2024-10-28,South
TXN-001921,CUST-00099,545.62,2025-09-01,Central
TXN-004900,CUST-00493,178.02,2025-06-04,South
TXN-000045,CUST-00145,187.73,2024-01-06,Central
TXN-000255,CUST-00125,218.46,2024-07-12,South
TXN-001918,CUST-00299,497.62,2025-05-15,West
TXN-002377,CUST-00198,16.12,2025-01-08,North
TXN-000200,CUST-00351,146.85,2024-01-20,Central
TXN-000908,CUST-00233,109.13,2024-07-21,S
TXN-000608,CUST-226,397.71,2024-03-22,West
TXN-001991,CUST-00408,1310.82,2025-09-21,South
TXN-004373,CUST-00414,102.03,2024-05-12,North
TXN-002102,CUST-00175,267.90,2024-12-25,West
TXN-001451,CUST-00322,,2024-11-17,Central
TXN-000993, CUST-00236,176.26,2025-11-18,Central
TXN-002423,CUST-00353,55.21,2024-06-29,South
TXN-001530,CUST-00259,44.89,2024-06-15,Central
TXN-002943,CUST-00083,108.31,2024-09-01,Central
TXN-004782,CUST-00174,76.23,2024-11-28,South
TXN-001890,CUST-00279,30.01,2025-02-26,North
TXN-004650,CUST-00117,21.60,2025-11-05,North
TXN-000988,CUST-00259,68.61,2025-10-04,Central
TXN-001259,CUST-00116,83.05,2025-06-05,East
TXN-004537,CUST-00193,39.06,2025-05-30,North
TXN-000873,CUST-00086,484.56,2024-01-22,West
TXN-003674,CUST-00017,460.44,2024-08-22,East
TXN-002516,CUST-00384,82.77,2025-09-29,South
TXN-000619,CUST-00264,528.00,2025-05-08,Central
TXN-004535,CUST-00076,694.74,2025-06-23,East
TXN-002541,CUST-00189,65.07,2024-08-17,West
TXN-000917,CUST-00288,38.93,2024-09-19,South
TXN-000644,CUST-00393,18.44,2025-07-29,Central
TXN-004617,CUST-00154,108.64,2025-02-24,Central
TXN-000017,CUST-00053,24.62,2025-03-10,West
TXN-002361,CUST-00413,36.78,2024-04-13,South
TXN-003744,CUST-00228,39.87,2025-11-06,East
TXN-003731,CUST-00247,179.83,2025-11-02,Central
TXN-004588,CUST-00233,54.41,2024-05-15,south
TXN-001316,CUST-00233,47.50,2024-06-24,South
TXN-004913,CUST-00448,319.78,2024-09-20,East
TXN-001702,CUST-00176,50.59,2024-10-05,North
TXN-002534,CUST-00081,169.49,2025-06-02,North
TXN-004144,CUST-00078,103.81,2025-02-09,CENTRAL
TXN-000114,CUST-00012,22.92,2024-10-06,South
TXN-000802,CUST-00144,$98.61,2024-02-19,North
TXN-003315,CUST-00001,172.96,2024-06-12,Central
TXN-004366,CUST-00011,448.12,2024-03-18,Central
TXN-000905,CUST-00337,36.87,2025-05-11,North
TXN-002560,CUST-00127,144.00,2024-11-05,East
TXN-000546,CUST-00010,,2024-06-09,East
TXN-003786,CUST-00141,137.79,2024-08-18,east
TXN-004507,CUST-00228,227.09,2024-11-11,East
TXN-004832,CUST-00272,336.20,2025-08-01,East
TXN-004098,CUST-00249,585.21,2024-03-29,West
TXN-003483,CUST-00066,87.80,2025-07-18,South
TXN-004822,CUST-00151,87.76,2024-05-01,North
TXN-001663,CUST-00444,1173.30,2024-03-15,West
TXN-000786,CUST-00322,75.79,2024-08-23,C
TXN-003398,CUST-00134,117.53,2024-01-17,East
TXN-000432,CUST-00001,26.30,2025-06-16,CENTRAL
TXN-002475,CUST-00495,446.85,2025-09-05,South
TXN-002339,CUST-00099,1312.51,2025-07-13,Central
TXN-002342,CUST-00381,86.64,2025-10-03,Central
TXN-003659,CUST-00452,16.14,2024-03-09,East
TXN-003459,CUST-00117,243.85,2024-01-26,North
TXN-003362,CUST-00054,66.43,2025-04-21,SOUTH
TXN-001774,CUST-00220,257.08,2024-11-18,Central
TXN-001624,CUST-00099,70.45,2025-09-30,Central
TXN-000525,CUST-00082,1402.91,2025-10-25,E
TXN-003303,CUST-00146,28.76,2025-03-30,Central
TXN-003405,CUST-00213,34.27,2024-09-06,Central
TXN-003359,CUST-00230,433.75,2024-09-10,N
TXN-001363,CUST-00301,196.34,2025-08-25,East
TXN-000697,CUST-00375,62.26,2025-05-30,North
TXN-004319,CUST-00040,84.36,2025-03-29,North
TXN-001441,CUST-00074,132.39,2024-04-20,Central
TXN-001993,CUST-00205,82.86,2024-11-04,Central
TXN-000392,CUST-00012,293.16,2025-07-16,South
TXN-003776,CUST-00277,33.94,2024-03-30,Central
TXN-002351,CUST-00103,46.62,2025-10-14,West
TXN-003915,CUST-00222,370.77,2025-05-24,Central
TXN-003933,CUST-00322,41.37,2024-10-24,Central
TXN-003224,CUST-00189,519.70,2025-07-05,West
TXN-000188,CUST-00100,801.37,2024-08-20,North
TXN-000272,CUST-00413,33.80,2025-11-25,North
TXN-000311,CUST-00179,347.81,2024-07-12,West
TXN-004163,CUST-00084,31.18,2025-05-02,North
TXN-001356,CUST-00375,39.91,2025-12-05,North
TXN-002261,CUST-37,1057.58,2025-04-04,East
TXN-002283,CUST-00068,567.03,2025-04-24,West
TXN-001746,CUST-00158,59.18,2025-06-13,North
TXN-004567,CUST-00382,163.27,2024-10-14,East
TXN-001131,CUST-00392,474.72,2024-01-27,Central
TXN-000715,CUST-00303,122.02,2024-04-21,West
TXN-001789,CUST-00332,53.44,2024-08-29,North
TXN-002325,CUST-00449,549.27,2025-06-18,East
TXN-001959,CUST-00435,122.40,2025-01-28,North
TXN-002061,CUST-00193,38.62,2024-02-18,North
TXN-004713,CUST-00299,220.64,2025-12-19,North
TXN-000424,CUST-00497,98.30,2024-06-16,North
TXN-003027,CUST-00271,557.04,2025-05-01,South
TXN-001640,CUST-00251,526.61,2025-09-03,Central
TXN-004881,CUST-00138,259.85,2024-01-10,North
TXN-004916,CUST-00143,242.64,2025-11-28,NORTH
TXN-004384,CUST-00252,86.75,2024-10-16,North
TXN-004477,CUST-00243,36.63,2024-03-22,West
TXN-004187,CUST-00253,40.32,2024-05-30,South
TXN-001718,CUST-00485,51.38,2025-09-05,East
TXN-001005,CUST-00273,24.67,2024-08-13,North
TXN-001837,CUST-00272,165.81,2024-05-06,East
TXN-002234,CUST-00496,614.79,2024-04-22,East
TXN-000390,CUST-00375,1175.18,02/04/2024,North
TXN-000213,CUST-00420,209.75,2024-04-28,North
TXN-002672,CUST-00417,545.32,2024-11-18,Central
TXN-000135,CUST-00155,32.43,2025-09-30,North
TXN-003728,CUST-00048,226.13,2024-07-08,EAST
TXN-003488,CUST-94667,44.96,2025-04-03,West
TXN-001971,CUST-00400,47.36,2025-01-14,West
TXN-001874,CUST-00110,114.47,2024-07-26,South
TXN-000938,CUST-00056,45.94,2024-06-25,Central
TXN-003341,CUST-00441,454.59,2024-04-18,North
TXN-001043,CUST-00417,224.67,2024-12-09,Central
TXN-004037,CUST-00399,232.94,2025-05-07,Central
TXN-000979,CUST-00449,49.53,2025-05-15,East
TXN-000377,CUST-00039,652.72,2025-08-23,Central
TXN-003977,CUST-00491,1347.19,2025-10-15,South
TXN-000527,CUST-00212,81.01,2024-10-03,South
TXN-001384,CUST-00259,129.92,2024-07-26,Central
TXN-003678,CUST-00054,111.24,2024-08-04,South
TXN-001454,CUST-00211,75.07,2025-01-26,central
TXN-002006,CUST-00057,1101.07,2025-03-27,North
TXN-001481,CUST-00143,48.14,2024-08-06,North
TXN-002509,CUST-00286,16.77,2024-04-28,West
TXN-001796,CUST-00482,201.46,2024-02-21,West
TXN-001915,CUST-00001,222.09,2024-01-23,Central
TXN-000931,CUST-00081,197.14,2024-03-09,NORTH
TXN-004127,CUST-00332,220.48,2024-07-12, North
TXN-004882,CUST-00299,158.76,2024-01-06,West
TXN-002877,CUST-00085,481.81,2024-06-10,West
TXN-000356,CUST-00365,34.36,2024-08-03, West
TXN-002828,CUST-00422,32.61,2025-09-14,North
TXN-002007,CUST-00184,95.18,2024-06-02,South
TXN-000100,CUST-00299,178.42,2025-03-01,West
TXN-002933,CUST-00420,16.89,2025-10-04,North
TXN-002092,CUST-00101,225.33,2024-12-25,West
TXN-002165,CUST-00470,519.20,2024-12-24,North
TXN-002170,CUST-00073,142.84,2025-06-09,North
TXN-003122,CUST-00154,358.89,2024-12-11,Central
TXN-001567,CUST-00305,975.10,2024-08-23,South
TXN-004559,CUST-00285,$198.73,2025-02-19,West
TXN-004545,CUST-00053,488.02,2025-08-01, North
TXN-001276,CUST-00090,451.68,2025-02-12,Central
TXN-002723,CUST-00487,37.23,2024-11-24,West
TXN-001405,CUST-00091,74.37,2024-06-08,Central
TXN-000519,CUST-00277,170.81,2024-12-30,Central
TXN-000760,CUST-00204,87.06,2024-12-18,South
TXN-002272,CUST-00020,190.36,2025-10-06,West
TXN-002213,CUST-00387,38.35,2025-11-07,North
TXN-000540,CUST-00481,251.00,2024-07-25,South
TXN-001598,CUST-00220,63.80,2024-04-30,Central
TXN-002060,CUST-00144,79.59,2024-10-10,North
TXN-003638,CUST-00023,19.94,2024-03-03,East
TXN-002031,CUST-00040,568.76,2024-09-12,North
TXN-003181,CUST-00047,110.66,2025-10-21,North
TXN-003460,CUST-00500,21.31,2024-01-25,East
TXN-003313,CUST-00028,521.07,2024-11-01,Central
TXN-002583,CUST-00053,68.23,2025-01-06,North
TXN-004209,CUST-00226,36.55,2024-03-17,West
TXN-001044,CUST-00209,28.42,2024-12-13,South
TXN-004583,CUST-00365,36.59,2024-11-04,West
TXN-002593,CUST-00398,42.44,2024-11-03,Central
TXN-000412,CUST-00491,26.87,2024-05-28,South
TXN-001838,CUST-00328,97.73,2024-09-21,North
TXN-002538,CUST-00432,441.12,2024-09-21,East
TXN-002045,CUST-00352,83.07,2024-06-23,Central
TXN-001844,CUST-00237,18.86,2024-07-15,North
TXN-002493,CUST-00422,51.77,2024-02-26,North
TXN-004298,CUST-00143,92.75,2024-04-02,North
TXN-000124,CUST-00032,55.65,2024-11-19,N
TXN-002762,CUST-00011,187.32,2024-01-29,Central
TXN-003024,CUST-00220,206.20,2025-01-17,Central
TXN-003968,CUST-00008,43.19,2024-12-02,East
TXN-002498,CUST-00377,564.50,2024-02-02,South
TXN-000569,CUST-00080,192.81,2025-10-12,East
TXN-002285,CUST-00116,427.72,2024-02-07,East
TXN-002069,CUST-00431,90.02,2024-03-28,Central
TXN-002242,CUST-00327,199.20,2025-07-25,East
TXN-003590,CUST-00237,69.22,2024-07-24,North
TXN-001330,CUST-00331,847.04,2025-04-28,East
TXN-001639,CUST-00201,169.55,2025-12-31,South
TXN-003302,CUST-00172,229.80,2025-06-29,South
TXN-001714,CUST-250,150.89,2025-01-22,East
TXN-003284,CUST-00174,277.18,2024-05-16,South
TXN-002756,CUST-00401,244.30,2025-06-07,Central
TXN-003450,CUST-00430,142.37,2024-01-15,South
TXN-000092,CUST-00054,532.27,2025-08-01,South 
TXN-001836,CUST-00432,91.17,2025-11-21,
TXN-001492,CUST-00214,461.45,2024-05-27,South
TXN-000378,CUST-00461,112.55,2024-09-27,Central
TXN-001415,CUST-00422,791.38,2025-01-25,North
TXN-000787,CUST-00169,317.26,2024-01-06,North
TXN-002999,CUST-00300,35.02,2024-06-07,West
TXN-002700,CUST-00121,446.37,2025-09-01,WEST
TXN-000936,CUST-00298,48.80,2025-01-01,North
TXN-000328,CUST-00147,26.90,2025-11-29,South
TXN-001227,CUST-00116,113.79,2025-10-18,East
TXN-003096,CUST-00196,109.36,2025-01-09,C
TXN-002473,CUST-00318,434.68,2025-07-11,West
TXN-002219,CUST-00166,1430.07,2024-09-13,North
TXN-000447,CUST-00328,49.14,,East
TXN-004651,CUST-00205,110.65,2024-10-23,Central
TXN-003033,CUST-00237,249.89,2025-12-31,North
TXN-002288,CUST-00182,571.94,2024-07-03,North
TXN-004043,CUST-00143,105.76,2025-12-19,North
TXN-000614,CUST-00212,1437.46,2024-10-13,South
TXN-000656,CUST-00452,1253.98,2024-08-06,East
TXN-004182,CUST-00202,920.06,2025-07-14,East
TXN-000977,CUST-00054,754.87,2025-11-21,South
TXN-002279,CUST-00416,98.65,2025-11-26,West
TXN-000488,CUST-00422,786.53,2024-01-14,North
TXN-000630,CUST-00252,93.46,2024-10-06,North
TXN-004410,CUST-00186,1019.92,2024-10-12,West
TXN-003241,CUST-00176,72.64,2024-05-03,North
TXN-002227,CUST-00303,97.51,2024-12-10,West
TXN-002903,CUST-00143,912.95,2024-12-14,North
TXN-004492,CUST-00444,27.38,2025-04-11,West
TXN-003955,CUST-00116,532.50,2025-05-08,East
TXN-004255,CUST-00334,477.03,2025-01-18,West
TXN-000788,CUST-00184,24.84,2024-02-17,South
TXN-000267,CUST-00051,449.10,2024-01-25,East
TXN-001090,CUST-00224,36.50,2025-08-06,West
TXN-002161,CUST-00358,31.91,2025-03-02,South
TXN-003436,CUST-00048,693.10,2025-08-30,East
TXN-000285,CUST-00049,203.51,2024-12-30,Central
TXN-001773,CUST-00485,780.74,2024-05-04,East
TXN-004083,CUST-00322,53.34,2024-08-25,Central
TXN-000009,CUST-00168,410.19,2025-12-12,West
TXN-000606,CUST-00324,300.45,2025-01-17,South
TXN-001587,CUST-00156,44.09,2024-05-18,North
TXN-002821,CUST-00466,930.93,2024-04-04,East
TXN-003152,CUST-00480,558.68,2025-01-04,North
TXN-003813,CUST-00185,35.76,2025-12-12,North
TXN-001572,CUST-00422,52.81,2025-01-21,North
TXN-002424,CUST-00257,29.07,2024-03-21,North
TXN-001504,CUST-00318,75.26,2025-12-08,West
TXN-002217,CUST-00398,40.76,2025-08-10,Central
TXN-004770,CUST-00364,323.94,2025-09-22,South
TXN-004021,CUST-00420,45.90,2024-05-15,North
TXN-003357,CUST-00477,64.12,2025-04-04,North
TXN-000669,CUST-00219,481.82,2024-09-03,West
TXN-001354,CUST-00411,210.31,2025-02-14,Central
TXN-002486,CUST-00214,485.33,2024-07-25,South
TXN-004213,CUST-00083,33.22,2025-12-06,North
TXN-004934,CUST-00085,113.66,2025-11-13,WEST
TXN-003422,CUST-00192,63.37,2024-11-17,North
TXN-004838,CUST-00288,964.24,2024-08-08,N
TXN-002358,CUST-00479,112.54,2024-04-14,Central
TXN-003274,CUST-00452,170.85,2025-01-16,East
TXN-000119,CUST-00413,106.85,2025-03-05,S
TXN-001072,CUST-00116,35.19,2025-08-15,East
TXN-001277,CUST-373,354.16,2024-11-11,West
TXN-001652,CUST-00050,107.01,2024-09-29,Central
TXN-001541,CUST-00208,92.39,2025-06-20,West
TXN-000701,CUST-00213,129.53,2025-08-07,Central
TXN-002564,CUST-00264,28.61,2024-12-17,Central
TXN-001401,CUST-00092,59.30,2024-10-13,East
TXN-003793,CUST-00116,1071.92,2025-08-21,East
TXN-000696,CUST-00345,219.11,2025-06-10,East
TXN-004123,CUST-00085,212.46,2025-11-06,West
TXN-004589,CUST-96405,297.95,2024-08-13,North
TXN-003406,CUST-00267 ,56.59,2025-11-08,East
TXN-003414,CUST-00225,434.77,2025-10-29,Central
TXN-003604,CUST-00152,38.93,2025-09-30,North
TXN-003139,CUST-00378,116.53,2024-01-13,Central
TXN-000720,CUST-00038,23.31,2025-10-26,South
TXN-003266,CUST-00368,761.97,2025-05-11,West
TXN-002690,CUST-00019,35.40,2024-01-30,North
TXN-002391,CUST-00141,79.51,2025-09-03,East
TXN-000483,CUST-00080,280.41,2024-01-15,East
TXN-004926,CUST-00213,338.74,2025-12-29,Central
TXN-001226,CUST-00126,200.67,2024-03-10,Central
TXN-003066,CUST-00185,273.21,2024-04-28,North
TXN-002697,CUST-00263,87.93,2025-11-18,North
TXN-003653,CUST-00400,208.89,2025-07-02,West
TXN-004569,CUST-00273,743.72,2024-01-29,
TXN-004638,CUST-00054,561.79,2025-09-20,South
TXN-001946,CUST-00226,180.35,2024-05-11,West
TXN-001103,CUST-00051,517.41,2025-08-16,East
TXN-000008,CUST-00481,248.53,2024-05-02,South
TXN-002118,CUST-00206,196.98,2025-12-17,North
TXN-002562,CUST-00080,95.49,2024-09-29,East
TXN-004389,CUST-00259,39.16,2024-08-30,Central
TXN-000537,CUST-00495,860.65,2024-08-01,South
TXN-002742,CUST-00098,72.52,2024-01-08,East
TXN-002251,CUST-00103,537.36,2025-07-24,West
TXN-000708,CUST-00411,1215.80,2024-04-25,Central
TXN-004946,CUST-00381,1430.03,2025-05-13,North
TXN-004438,CUST-00300,441.29,2024-03-24,West
TXN-004267,CUST-00266,63.86,2024-09-03,Central
TXN-002956,CUST-00189,39.63,2025-03-22,West
TXN-003583,CUST-00448,392.05,2025-03-14,East
TXN-002543,CUST-00320,127.42,2025-12-29,West
TXN-004458,CUST-00297,203.23,2024-07-29,East
TXN-003790,CUST-00252,283.48,2025-07-25,North
TXN-003141,CUST-00427,226.26,2025-10-12,East
TXN-000088,CUST-00420,981.04,2025-01-12,North
TXN-003881,CUST-00284,35.39,2024-05-22,Central
TXN-000020,CUST-00259,554.09,2025-09-19,Central
TXN-002646,CUST-00118,16.00,2024-08-08,North
TXN-001563,CUST-00233,418.99,2025-03-27,South
TXN-002332,CUST-00411,194.33,2025-11-04,
TXN-004836,CUST-00261,345.97,2025-12-05,East
TXN-004497,CUST-00290,735.57,2024-09-26,West
TXN-000778,CUST-00172,145.88,2024-08-16,South
TXN-001437,CUST-00196,52.30,2025-06-16,Central
TXN-003046,CUST-00173,1064.86,2024-01-29,North
TXN-004459,CUST-00449,658.35,2024-08-14,East
TXN-002549,CUST-00040,415.92,2025-04-10,North
TXN-000209,CUST-00427,31.30,2025-12-26,East
TXN-004244,CUST-00080,85.26,2025-07-21,East
TXN-004581,CUST-00436,256.76,2024-02-22,West
TXN-004925,CUST-00368,28.18,2024-07-22,West
TXN-001089,CUST-00066,106.86,2024-02-09,South
TXN-002890,CUST-00324,1315.17,2024-08-06,South
TXN-004038,CUST-00458,102.70,2025-04-22,South 
TXN-001745,CUST-00152,44.30,2024-12-10,North
TXN-003099,CUST-00237,32.20,2025-12-11,North
TXN-002579,CUST-00490,167.91,2025-06-29,East
TXN-002133,CUST-00272,465.83,2024-02-24,East
TXN-004321,CUST-00166,23.73,2024-02-14,North
TXN-001332,CUST-00226,151.63,2024-01-23,West
TXN-004023,CUST-00288,41.41,2025-12-10,North
TXN-002263,CUST-00210,249.61,2024-10-02,North
TXN-003947,CUST-00436,292.19,2024-01-31,West
TXN-001897,CUST-00108,125.87,2024-03-15,East
TXN-000445,CUST-00431,768.59,2025-07-08,North
TXN-004088,CUST-00417,76.79,2024-01-04,Central
TXN-004970,CUST-00076,435.72,2025-12-24,East
TXN-002008,CUST-00371,1066.88,2024-04-24,Central
TXN-003646,CUST-00393,416.68,2024-05-13,Central
TXN-003938,CUST-00302,248.80,2025-03-07,south
TXN-003764,CUST-00436,737.19,2024-11-17,West
TXN-000381,CUST-00171,363.43,2025-01-29,West
TXN-004204,CUST-00012,814.45,2025-11-08,South
TXN-002299,CUST-00481,481.16,2024-10-28,South
TXN-002955,CUST-00084,194.32,2024-09-15,North
TXN-003679,CUST-00455,75.32,2025-01-04,South
TXN-001012,CUST-00431,42.15,2024-04-13,North
TXN-004443,CUST-00076,1315.05,2025-11-18,East
TXN-003250,CUST-00044,21.63,2024-11-15,East
TXN-002803,CUST-00422,34.63,2024-07-30,North
TXN-002295,CUST-00066,28.78,2024-08-09,South
TXN-000837,CUST-00156,68.32,2025-11-15,North
TXN-000291,CUST-00371,356.77,2024-05-13,Central
TXN-004833,CUST-00112,-174.45,2024-07-02,East
TXN-003953,CUST-00438,40.11,2024-07-21,North
TXN-000073,CUST-00193,882.40,2024-04-23,NORTH
TXN-002847,CUST-00495,671.55,2025-01-19,South
TXN-000399,CUST-00093,337.84,2025-07-15,South
TXN-003495,CUST-00232,337.58,2025-01-05,CENTRAL
TXN-002435,CUST-00391,175.93,2025-09-08,Central
TXN-002463,CUST-00041,783.49,2024-05-23,South
TXN-002860,CUST-00376,186.76,2025-02-10,Central
TXN-000228,CUST-94563,16.12,2024-08-28,South
TXN-001294,CUST-00480,81.44,2024-11-05,north
TXN-002021,CUST-00491,-626.41,2025-04-28,South
TXN-000553,CUST-00117,16.06,2025-11-24,North
TXN-000660,CUST-00065,44.21,2024-05-13,North
TXN-004774,CUST-00088,106.37,2024-03-31,West
TXN-000596,CUST-00258,1295.15,2024-05-19,North
TXN-004448,CUST-00457,66.97,2024-02-04,West
TXN-002852,CUST-00225,110.83,2025-05-10,Central
TXN-001794,CUST-00350,92.45,2024-10-17,North
TXN-004253,CUST-00488,1394.66,2025-12-26,East
TXN-000016,CUST-00001,417.09,2024-08-07,Central
TXN-003411,CUST-00076,253.94,2025-11-06,East
TXN-002678,CUST-00428 ,287.13,2024-08-08,West
TXN-001009,CUST-00324,1117.96,2024-09-17,South
TXN-002680,CUST-00144,72.04,2025-01-02,north
TXN-002467,CUST-00106,514.89,2025-05-15,East
TXN-004398,CUST-00191,559.27,2025-04-10,West
TXN-000909,CUST-00293,1328.52,2024-03-26,South
TXN-001556,CUST-00160,292.82,2025-12-23,South
TXN-002878,CUST-00139,124.00,2025-01-17,West
TXN-001421,CUST-00020,19.97,2024-05-23,West
TXN-002113,CUST-00165,1277.44,2025-04-25,Central
TXN-003792,CUST-00315,106.31,2024-11-26,South
TXN-004003,CUST-00206,196.35,2025-06-27,North
TXN-004245,CUST-00088,94.00,2025-09-05,West 
TXN-004610,cust-00035,16.94,2025-03-01,South
TXN-000686,CUST-00019,173.10,2025-06-19,North
TXN-001557,CUST-00103,500.39,2024-05-21,West
TXN-003641,CUST-00203,301.78,2024-03-19,West
TXN-003860,CUST-00086,213.07,2025-06-29,West
TXN-000250,CUST-00116,454.33,2025-02-13,East
TXN-001106,CUST-00210,365.88,2024-01-19,North
TXN-003306,CUST-00111,1202.76,2025-03-10,Central
TXN-002714,CUST-00051 ,436.70,2024-01-31,East
TXN-000667,CUST-00210,32.56,2024-04-03,North
TXN-003773,CUST-00060,90.86,2024-08-10,North
TXN-003119,CUST-00143,492.69,2024-06-28, North
TXN-003990,CUST-00129,631.93,2025-11-06,Central
TXN-000198,CUST-00260,122.30,2025-06-01,East
TXN-000785,CUST-00074,340.76,2024-02-06,West
TXN-000091,CUST-00322,501.42,2025-05-28,Central
TXN-003254,CUST-00447,1203.25,2025-06-23,Central
TXN-002356,CUST-00481,20.00,2025-08-18,South
TXN-004379,CUST-00279,463.00,2024-06-05,North
TXN-000345,CUST-00430,309.39,2024-11-23,South
TXN-004835,CUST-00393,89.08,2025-05-25,Central
TXN-001105,CUST-00298,1229.97,2025-06-08,North
TXN-001775,CUST-00076,525.99,2025-05-16,E
TXN-003497,CUST-00335,448.48,2025-12-26,West
TXN-001978,CUST-00235,38.15,2024-02-23,North
TXN-001297,CUST-00143,726.62,2025-07-24,North
TXN-000305,CUST-00047,40.56,2024-05-01,West
TXN-002099,CUST-00322,16.24,2024-10-16,Central
TXN-002449,CUST-00292,1226.39,2025-08-07,South
TXN-001413,CUST-00219,45.12,2025-07-01,West
TXN-001507,CUST-00183,41.33,2025-02-16,West
TXN-003272,cust-00064,190.11,2025-09-24,West
TXN-002662,CUST-00258,636.65,2025-11-27,North
TXN-000883,CUST-00452,1137.01,2025-07-04,East
TXN-000597,CUST-00326,24.78,2024-10-01,East
TXN-000609,CUST-00066,32.72,2025-11-02,South
TXN-003107,CUST-00316,67.58,2025-08-01,North
TXN-000918,CUST-00299,16.09,2025-12-12,West
TXN-001766,CUST-00411,110.88,2025-05-05,Central
TXN-002711,CUST-00324,84.28,2024-07-18,South
TXN-001980, CUST-00307,710.10,2025-05-04,Central
TXN-001889,CUST-00211,87.17,2025-08-20,Central
TXN-001669,CUST-00226,56.40,2025-11-16,West
TXN-000127,CUST-00444,28.34,2025-09-08,West
TXN-000723,CUST-00136,199.57,2025-06-26,West
TXN-002243,CUST-00071,863.90,2025-12-27,East
TXN-003247,CUST-00490,157.73,2024-05-05,East
TXN-002683,CUST-00237,92.44,2025-09-04,North
TXN-000060,CUST-00184,298.55,2025-11-05,south
TXN-004206,CUST-00103,335.27,2025-05-21,West
TXN-001222,CUST-00174,393.29,25/02/2025,South
TXN-003913,CUST-00066,50.65,2024-06-02,South
TXN-001752,CUST-00426,483.77,2024-01-12,South
TXN-002003,CUST-00396,480.74,2024-05-01,West
TXN-000273,CUST-00119,304.21,2024-07-13,East
TXN-003941,CUST-00471,342.37,2025-05-23,CENTRAL
TXN-002730,CUST-00074,92.12,2024-04-15,Central
TXN-003186,CUST-00340,1342.72,2025-07-03,Central
TXN-000618,CUST-00500,365.59,2025-01-12,East
TXN-003052,CUST-00219,181.73,2025-08-03,West
TXN-002207,CUST-00285,18.61,2025-12-03,West
TXN-000419,CUST-370,77.30,2024-04-10,South
TXN-002262,CUST-00042,38.92,2025-07-23,West
TXN-002143,CUST-00076,47.92,2025-07-17,South
TXN-000649,CUST-00189,204.72,2024-12-25,West
TXN-000994,CUST-00409,36.86,2025-07-24,West
TXN-002024,CUST-00398,184.11,2024-09-14,Central
TXN-002648,CUST-00214,903.46,2024-01-02,South
TXN-004155,CUST-00099,232.91,2024-04-24,Central
TXN-002818,CUST-00127,20.20,2024-01-21,East
TXN-001124,CUST-00458,44.54,2025-02-20,South
TXN-001331,CUST-00347,105.42,2025-04-28,West
TXN-004889,CUST-00324,1439.64,2024-05-30,South
TXN-001520,CUST-00422,133.92,2024-05-25,North
TXN-004785,CUST-00096,68.55,2024-06-22,North
TXN-002233,CUST-00421,71.48,2024-08-09,East
TXN-002371,CUST-00493,31.77,2025-12-18,South
TXN-003063,CUST-00103,177.09,2024-07-14,West
TXN-003431,CUST-00498,$112.63,2024-10-06,West
TXN-004752,CUST-00092,28.69,2024-10-07,East
TXN-003542,CUST-00288,45.44,2024-03-28,North
TXN-001001,CUST-00095,41.55,2024-09-08,Central
TXN-001801,CUST-00366,103.61,2024-08-20,North
TXN-004340,CUST-00231,118.62,2025-11-20,East
TXN-004138,CUST-43,546.61,2024-07-14,West
TXN-003685,CUST-00315,208.14,2025-04-12,South
TXN-002490,CUST-00082,233.70,2025-11-14,East
TXN-004665,CUST-00225,73.74,2024-12-14,Central
TXN-001924,CUST-00263,794.28,2025-05-12,North
TXN-002186,CUST-00219,50.86,2025-09-26,West
TXN-002592,CUST-00456,167.17,2025-11-11,North
TXN-004633,CUST-00088,54.62,2025-07-19,West
TXN-003373,CUST-00175,105.56,2024-07-10,West
TXN-001199,CUST-00302,25.34,2024-08-25,South
TXN-001188,CUST-00410,16.76,2024-06-16,Central
TXN-001808,cust-00267,199.96,2024-09-21,East
TXN-002040,CUST-00156,38.54,2024-01-17,North
TXN-003151,CUST-00072,196.70,2024-06-22,North
TXN-000959,CUST-00413,224.90,2024-08-16,South 
TXN-003208,CUST-00277,1421.50,2025-12-25,Central
TXN-000237,CUST-00108,45.34,2024-05-22,West
TXN-002438,CUST-00022,210.33,27/08/2024,South
TXN-001502,CUST-00223,17.54,2025-08-29,West
TXN-004674,CUST-00432,759.17,2024-09-02,East
TXN-001473,CUST-00377,53.34,2025-08-05,West
TXN-001100,CUST-00095,106.94,2024-11-19,Central
TXN-000086,CUST-00444,554.66,2025-02-03,West
TXN-002362,CUST-00074,92.95,2025-01-17,Central
TXN-002433,CUST-00216,366.83,2025-07-16,North
TXN-003855,CUST-00447,59.37,2025-01-23,Central
TXN-002505,CUST-00120,35.05,2025-05-20,North
TXN-002882,CUST-00083,99.23,2025-07-21,Central
TXN-002152,CUST-00049,293.28,2025-12-09,Central
TXN-004947,CUST-00295,20.44,2024-01-07,Central
TXN-004357,CUST-00499,116.66,2024-10-04,North
TXN-001810,CUST-00083,966.75,2024-09-07,Central
TXN-001693,CUST-00242,38.25,2025-12-03,West
TXN-003217,CUST-00143,138.17,2024-08-01,North
TXN-001671,CUST-00190,245.11,2024-12-19,West
TXN-003017,CUST-00197,1097.09,2025-10-08,East
TXN-003225,CUST-00179,41.96,2025-10-08,
TXN-004198,CUST-00418,207.19,2024-08-16,east
TXN-003918,CUST-00261,1333.19,2024-12-28,East
TXN-000948,CUST-00414,115.73,2025-01-27,North
TXN-004821,CUST-00454,95.06,2025-11-30,Central
TXN-001022,CUST-00327,82.95,2025-12-02,South
TXN-001852,CUST-00284,182.38,2024-04-04,Central
TXN-002900,CUST-00085,235.50,2024-10-27,West
TXN-000565,CUST-00453,503.85,2025-01-28,West
TXN-003267,CUST-00045,50.10,2025-02-05,West
TXN-004995,CUST-00466,111.60,2024-09-30,East
TXN-002693,CUST-00270,47.98,2024-09-20,North
TXN-000404,CUST-00381,527.89,2024-01-17,Central
TXN-003787,CUST-00395,199.98,2024-01-26,North
TXN-001453,CUST-00280,507.95,2025-10-12,West
TXN-004907,CUST-00294,189.93,2025-07-18,West
TXN-004605,CUST-00488,156.95,2025-12-08,East
TXN-003109,CUST-00288,540.45,2024-05-02,North
TXN-000366,CUST-00421,42.91,2024-01-31,East
TXN-003577,CUST-00131,902.06,2024-05-29,East
TXN-001038,CUST-00176,23.82,2025-07-26,North
TXN-000292,CUST-00054,32.97,2025-11-01,S
TXN-000405,CUST-00182,569.16,2024-06-03,Central
TXN-004201,CUST-00111,188.96,2025-02-10,Central
TXN-002972,CUST-00150,336.89,2024-04-04,East
TXN-002777,CUST-00087,244.70,2025-09-20,Central
TXN-000616,CUST-00107,1244.76,2025-05-20,East
TXN-002798,CUST-00105,1115.93,2024-05-06,North
TXN-003307,CUST-00184,1119.42,2024-04-17,S
TXN-002167,CUST-00105,246.39,2024-08-13, North
TXN-003781,CUST-00074,109.74,2025-12-09,Central
TXN-001092,CUST-00444,57.35,2025-11-16,West
TXN-003474,CUST-00195,999.05,2024-02-28,East
TXN-002418,CUST-00417,106.59,2025-07-12,Central
TXN-002518,CUST-00214,44.53,2025-06-07,South
TXN-001113,CUST-00291,60.45,2025-08-09,East
TXN-003944,CUST-00097,50.31,2025-12-04,Central
TXN-002657,CUST-00466,57.04,2024-10-28,East
TXN-004219,CUST-00164,134.61,2025-09-15,E
TXN-004723,CUST-00093,,2025-04-02,South
TXN-002977,CUST-00495,18.98,2025-03-17,South
TXN-001265,CUST-308,116.96,2024-06-02,Central
TXN-003361,CUST-00413,118.17,2024-12-06,South
TXN-002079,CUST-00049,65.57,2025-11-11,Central
TXN-004503,CUST-00403,49.85,2025-10-13,E
TXN-003228,CUST-00479,51.37,2024-08-04,Central
TXN-003453,CUST-00083,122.28,2024-12-31,Central
TXN-003330,CUST-00324,,2025-02-14,South
TXN-004446,CUST-00468,49.59,2024-05-16,East
TXN-001182,CUST-00290,456.09,2025-01-23,West
TXN-001734,CUST-00110,29.90,2024-12-13,South
TXN-002399,CUST-00103,184.37,2024-08-05,West
TXN-000227,CUST-00259,34.28,2024-06-27,Central
TXN-002633,CUST-00143,44.54,2025-11-16,North
TXN-002865,CUST-00389,46.20,2024-01-19,West
TXN-000972,CUST-00316,730.10,2024-09-18,North
TXN-004434,CUST-00058,531.12,2024-02-04,North
TXN-004403,CUST-00484,128.69,2025-02-22,South
TXN-004828,CUST-00044,88.57,2024-10-21,East
TXN-000053,CUST-00489,1137.43,2024-12-13,East
TXN-001088,CUST-00272,1142.34,2025-02-11,East
TXN-003487,CUST-00155,17.79,2024-06-10,North
TXN-001622,CUST-00057,37.97,2024-01-05,North
TXN-004243,CUST-00085,48.94,2024-09-19, West
TXN-001108,CUST-00419,488.94,2025-12-01,West
TXN-002969,CUST-00114,250.90,2025-12-30,North
TXN-003323,CUST-00285,150.64,2025-11-20,South
TXN-002001,CUST-00356,101.69,2025-08-17,West
TXN-002559,CUST-00398,540.65,2025-09-13,Central
TXN-001701,CUST-00318,97.76,2024-04-01,West
TXN-002236,CUST-91058,49.80,2025-03-29,West
TXN-001620,CUST-00307,44.63,2025-10-18,Central
TXN-001532,CUST-00144,111.81,2024-10-01,North
TXN-001236,CUST-00121,1336.17,2025-02-11,West
TXN-002194,CUST-00160,1160.99,2024-11-03,South
TXN-002172,CUST-00364,115.03,2025-10-03,S
TXN-002874,CUST-00072,1272.43,2024-06-23,North
TXN-004784,CUST-00085,96.17,2024-09-06,West
TXN-004283,CUST-00078,59.98,2025-01-13,Central
TXN-003494,CUST-00085,94.18,2025-12-02,West
TXN-003104,CUST-00110,57.90,2025-05-27,South
TXN-000705,CUST-00298,27.75,2025-09-08, North
TXN-001429,CUST-00495,1179.46,2024-11-24,South
TXN-004073,CUST-00072,98.00,2024-03-19,North
TXN-002448,CUST-00126,392.31,2025-08-15,Central
TXN-004146,CUST-00142,84.43,2025-08-25,Central
TXN-001872,CUST-00226,369.61,2025-04-13,West
TXN-002290,CUST-00103,1024.82,2025-12-21,WEST
TXN-002775,CUST-00071,43.93,2025-05-02,East
TXN-000536,CUST-00147,116.54,2024-07-20,South
TXN-004269,CUST-00444,223.66,2024-06-04,West
TXN-003492,CUST-00290,81.81,2024-11-29,West
TXN-001779,CUST-00103,744.80,2025-12-17,West
TXN-002820,cust-00474,1405.98,2024-03-16,South
TXN-004042,CUST-00403,318.86,2025-12-01,East
TXN-003427,CUST-00214,42.75,2024-02-02,SOUTH
TXN-000476,CUST-00273,1206.43,2024-07-03,North
TXN-003142,CUST-00405,64.09,2024-06-28,South
TXN-002183,CUST-00411,85.87,2024-01-22,Central
TXN-003322,CUST-00201,320.50,2025-04-15,South
TXN-001805,CUST-00276,1371.55,2025-09-07,West
TXN-000287,CUST-00141,47.23,2025-12-26,East
TXN-004749,CUST-00117,342.94,2025-06-04,North
TXN-002090,CUST-00500,45.09,2025-11-06,East
TXN-004311,CUST-00373,36.34,2025-07-20,West
TXN-000756,CUST-00444,89.53,2024-07-31, West
TXN-002587,CUST-00080,42.35,2024-03-13,East
TXN-002466,CUST-00259,156.34,2024-09-24,Central 
TXN-000308,CUST-00197,44.24,2024-01-03,East
TXN-004131,CUST-00180,20.95,2024-05-13,East
TXN-004057,CUST-00481,894.52,2025-09-01,South
TXN-003863,CUST-00103,414.91,2025-08-11,West
TXN-004543,CUST-00425,331.83,2025-04-20,East
TXN-000371,CUST-00154,581.86,2024-08-31,Central
TXN-004189,CUST-00139,465.51,2025-04-22,West
TXN-003230,CUST-00103,524.96,2025-03-27,West
TXN-003237,CUST-00480,1080.94,2024-11-16,North
TXN-000249,CUST-00458,443.43,2024-07-23,South
TXN-003500,CUST-00099,136.29,2024-10-03,Central
TXN-000927,CUST-00412,60.77,2024-11-27,North
TXN-004129,CUST-00436,23.10,2024-04-09,West
TXN-003820,CUST-00093,178.80,2025-06-12,South
TXN-002150,CUST-00054,17.20,2024-12-13,South
TXN-000699,CUST-00007,66.79,2025-03-29,Central
TXN-004897,CUST-00295,355.47,2024-08-02,Central
TXN-001843,CUST-00296,961.23,2025-12-18,North
TXN-004156,CUST-00016,18.54,2024-06-23,West
TXN-000471,CUST-00289,688.02 USD,2025-08-10,North
TXN-001272,CUST-00452,861.62,2025-05-13,East
TXN-002081,CUST-00393,660.71,2025-12-17,Central
TXN-002876,CUST-00335,1286.38,2025-05-16,West
TXN-000919,CUST-00033,90.12,2024-03-03,West
TXN-004212,CUST-00282,113.78,2025-08-02,Central
TXN-000231,CUST-00095,87.91,2025-05-23,Central
TXN-000079,CUST-00085,563.04,2025-04-19,North
TXN-004150,CUST-00218,366.93,2025-05-28,South
TXN-004055,CUST-00398,1040.76,2025-03-09,central
TXN-002625,CUST-96640,21.00,2025-06-18,South
TXN-001361,CUST-00373,177.22,2024-01-21,West
TXN-001668,CUST-00237,818.08,2024-05-07,NORTH
TXN-001112,CUST-00478,204.71,2024-11-08,East
TXN-001579,CUST-00347,691.35,2024-01-06,West
TXN-001237,CUST-00498 ,459.05,2024-10-21,West
TXN-003161,CUST-00076,155.69,2025-06-03,East
TXN-003326,CUST-00385,16.53,2025-12-03,West
TXN-001839,CUST-00500,24.51,2025-06-12,East
TXN-004861,CUST-00444,76.70,2025-06-03,West
TXN-004234,CUST-00121,116.22,2025-05-17,West
TXN-001260,CUST-00273,529.13,2024-03-04,North
TXN-000021,CUST-00172,1217.57,2025-01-14,South
TXN-003253,CUST-00218,25.22,2024-12-03,South 
TXN-004710,CUST-00463,1353.75,2024-07-26,Central
TXN-004533,CUST-00458,370.04,2024-05-15,South
TXN-001383,CUST-00298,222.64,2025-04-17,North
TXN-000548,CUST-00036,44.43,2025-07-30,South
TXN-002913,CUST-00151,23.78,2024-07-19,North
TXN-001404,CUST-00187,192.44,2025-04-03,West
TXN-001217,CUST-00107,47.96,2025-04-04,West
TXN-000155,CUST-00385,496.10,2025-01-03,West
TXN-004220,CUST-00500,69.75,2024-12-17,East
TXN-004945,CUST-00259,49.22,2024-04-30,Central
TXN-002297,CUST-00452,605.19,2025-04-04,East
TXN-001842,CUST-00248,272.85,2025-12-11,South
TXN-002519,CUST-00439,36.38,2024-04-02,W
TXN-002258,CUST-00490,80.26,2024-10-02,West
TXN-004019,CUST-00083,128.70,2025-02-01,Central
TXN-003735,CUST-00199,342.35,2025-11-10,Central
TXN-001111,CUST-00350,42.04,2024-10-26,North
TXN-002787,CUST-00244,453.79,2024-05-30,North
TXN-003986,CUST-00340,119.25,2025-10-24,Central
TXN-003365,CUST-00344,455.99,2025-08-11, East
TXN-002626,CUST-00348,30.17,2025-07-10,East
TXN-002887,CUST-00402,191.87,2024-10-29,North
TXN-003952,CUST-00340,63.37,2025-06-27,Central
TXN-004637,CUST-00219,,2024-05-21,West
TXN-003143,CUST-00411,148.89,2025-11-30,Central
TXN-003873,CUST-00470,$1221.44,2024-04-11,North
TXN-003576,CUST-00320,1372.47,2024-03-26,West
TXN-001087,CUST-00111,507.49,2024-08-29,Central
TXN-000793,CUST-00182,569.43,2024-02-03,North
TXN-004051,CUST-00331,62500.00,2024-10-17,East
TXN-003410,CUST-00166,193.23,2024-05-01,North
TXN-000792,CUST-00013,248.69,2025-10-01,North
TXN-004265,CUST-00290,171.58,2024-10-17,West
TXN-000236,CUST-00024,354.56,2024-10-12,East
TXN-003392,CUST-00138,961.81,2024-07-16,North
TXN-004343,CUST-00103,508.10,2025-11-18,West
TXN-004689,CUST-00327,49.53,2024-09-24,South
TXN-004024,CUST-96428,243.98,2024-02-22,West
TXN-002691,CUST-00353,37.91,2024-01-19,South
TXN-003570,CUST-00025,35.24,2025-01-10,E
TXN-002597,CUST-00032,32.34,2025-03-21,North
TXN-004724,CUST-00242,805.40,2025-06-14,West
TXN-001098,CUST-00065,108.09,2025-08-30,North
TXN-000583,CUST-00468,19.59,2025-03-14,East
TXN-002366,CUST-00093,42.09,2025-04-03,South
TXN-002199,CUST-00325,746.92,2025-12-24,South
TXN-002239,CUST-00056,34.07,2024-07-15,Central
TXN-004481,CUST-00481,549.88,2024-05-23,South
TXN-001129,CUST-00485,264.83,2025-04-19,East
TXN-002054,CUST-00071,31.49,2025-06-22,East
TXN-001901,CUST-00398,114.20,2025-01-07,Central
TXN-001881,CUST-00136,164.43,2025-07-18,West
TXN-004272,CUST-00452,41.69,2025-05-10,East
TXN-000821,CUST-00048,67.35,2025-05-27,East
TXN-003982,CUST-00385,187.85,2025-12-13,West
TXN-002919,CUST-00114,47.12,2024-12-20,North
TXN-001450,CUST-00490,50.22,2024-11-17, East
TXN-004422,CUST-00095,190.33,2024-05-15,Central
TXN-000836,CUST-00219,864.99,2025-03-31,West
TXN-002247,CUST-00385,20.39,2024-09-27,West
TXN-000567,CUST-00092,51.11,2024-07-21,East
TXN-002689,CUST-00320,160.47,2024-12-08,West
TXN-003649,CUST-00029,181.50,2025-11-18,South
TXN-003609,CUST-00324,87.78,2025-03-15,South
TXN-002844,CUST-00043,95.06,2024-09-25,West
TXN-001871,CUST-00139,803.05,2025-09-07,West
TXN-004108,CUST-00319,1300.84,2024-06-04,E
TXN-002398,CUST-00060,44.84,2024-10-11,North
TXN-004618,CUST-00177,182.81,2025-05-22,North
TXN-003998,CUST-00321,158.49,2025-12-05,North
TXN-004534,CUST-00263,38.69,2025-12-18,North
TXN-002846,CUST-00398,48.24,2024-09-25,Central
TXN-004553,CUST-00444,237.88,2025-11-06,North
TXN-003298,CUST-00237,963.22,2024-03-24,North
TXN-003093,CUST-00420,370.58,2025-12-15,North
TXN-002935,CUST-00121,394.73,2024-05-22,West
TXN-000749,CUST-00334,101.92,2024-02-11,West
TXN-004226,CUST-342,51.42,2024-07-04,East
TXN-004761,CUST-00457,1259.36,2025-09-27,West
TXN-000208,CUST-00205,-598.02,2025-11-23,Central
TXN-004705,CUST-00266,32.91,2025-11-04,Central
TXN-002859,CUST-00054,116.04,2025-06-21,South
TXN-003908,CUST-00405,,2024-05-17,South
TXN-002942,CUST-00040,1367.67,2024-09-24,North
TXN-000455,CUST-00297,209.69,2024-10-07,East
TXN-000658,CUST-00406,32.11,2025-05-01,Central
TXN-000750,CUST-00277,510.52,2024-01-15,Central
TXN-002409,CUST-00209,1313.06,2024-03-04,West
TXN-000568,CUST-00407,113.91,2025-10-31,South
TXN-003797,CUST-00076,268.60,2024-12-01,E
TXN-001235,CUST-00479,108.01,2025-03-14, Central
TXN-000082,CUST-00188,276.49,2025-02-04,South
TXN-000393,CUST-00264,182.57,2024-03-01,Central
TXN-003595,cust-00212,22.79,2025-12-03,South
TXN-004470,CUST-00356,692.77,2025-11-08,West
TXN-001712,CUST-00328,137.50,2025-01-14,East
TXN-003174,CUST-00066,990.44,2025-10-09,South
TXN-004613,CUST-00197,26.71,2024-08-27,East
TXN-002526,CUST-00299,538.10,2025-08-25,West
TXN-003006,CUST-00369,151.22,2025-04-26,West
TXN-000175,CUST-00411,281.05,2024-12-18,West
TXN-001144,CUST-00337,250.11,2024-02-02,North
TXN-003992,CUST-00190,337.74,2024-06-15,West
TXN-003177,CUST-00116,294.53,2025-07-04,East
TXN-003334,CUST-00288,74.05,2025-05-22,North
TXN-004816,CUST-00080,229.29,2025-12-27,East
TXN-001329,CUST-00059,63.59,2024-10-05,
TXN-003988,CUST-00156,776.03,2024-03-05,North
TXN-002523,CUST-00074,30.44,2025-04-09,Central
TXN-002891,CUST-00047,177.69,2024-07-03,Central
TXN-001951,CUST-00150,452.20,2024-10-01,East
TXN-002964,CUST-00414,1383.47,2025-08-14,North
TXN-004246,CUST-00063,468.22,2025-05-31,North
TXN-004673,CUST-00082,537.06,2024-07-07,East
TXN-001637,CUST-00413,977.67,2025-12-26,south
TXN-001061,CUST-00128,176.87,2024-12-01,SOUTH
TXN-001280,CUST-00281,354.28,2024-03-08,Central
TXN-003290,CUST-00305,1297.47,2024-10-22,South
TXN-002208,CUST-00498,234.39,2025-11-16,West
TXN-003183,CUST-00156,34.28,2025-08-26,North
TXN-000504,CUST-00299,50.55,2025-12-30,West
TXN-001315,CUST-00214,1394.30,2024-05-23,South
TXN-001922,CUST-00481,207.64,2025-07-26,South
TXN-000156,CUST-00116,32.97,2025-10-13,East
TXN-001216,CUST-00006,125.21,2024-01-07,East
TXN-000610,CUST-00063,464.13,2024-02-02,North
TXN-003077,CUST-00322,265.46,2025-12-10,Central
TXN-002729,CUST-00040,20.57,2025-10-21,North
TXN-004781,CUST-94356,103.68,2025-06-24,South
TXN-001566,CUST-00031,20.58,2025-08-30,North
TXN-003819,CUST-00153,266.90,2025-02-23,East
TXN-004504,CUST-00322,39.06,2024-10-06,Central
TXN-004764,CUST-00328,180.90,2024-06-03,East
TXN-004436,CUST-00077,95.98,2025-07-09,West
TXN-001440,CUST-00134,107.75,2024-08-23,East
TXN-001190,CUST-00362,54.25,2024-06-20,West
TXN-001047,CUST-00161,208.37,2025-11-11,West
TXN-000353,CUST-00129,101.47,2024-09-22,Central
TXN-004763,CUST-00058,100.07,2025-02-16,North
TXN-001653,CUST-184,485.67,2025-09-04,South
TXN-003886,CUST-00112,492.19,2024-11-25,East
TXN-003295,CUST-00111,231.45,2024-04-12,central
TXN-002619,CUST-00143,1023.51,2024-03-19,North
TXN-001744,CUST-00043,545.08,2025-11-03,West
TXN-001648,CUST-00411,39.59,2025-01-15,Central
TXN-004826,CUST-00313,293.44,2024-10-25,Central
TXN-002867,CUST-00138,206.92,2024-01-09,N
TXN-003579,CUST-00286,88.04,2024-09-23,West
TXN-004675,CUST-00180,38.96,2025-11-10,Central
TXN-001161,CUST-00245,1100.68,2025-10-11,South
TXN-004105,CUST-00193,83.15,2024-03-24,South
TXN-004385,CUST-00259,527.10,2024-06-17,C
TXN-002416,CUST-00480,284.31,2024-08-03,North
TXN-003683,CUST-00103,226.19,2024-11-08,West
TXN-001468,CUST-00375,1346.37,2024-09-26,South
TXN-001445,cust-00010,380.13,2024-03-31,East
TXN-000818,CUST-00066,25.79,2024-12-18,South
TXN-000048,CUST-00193,27.56,2024-07-22,North
TXN-004644,CUST-00149,863.00,2024-07-15,Central
TXN-000978,CUST-00398,1415.71,2025-06-03,Central
TXN-002115,CUST-00047,51.57,2024-07-08,Central
TXN-001859,CUST-00221,35.51,2024-04-06,North
TXN-000508,CUST-00486,53.40,2025-09-21,North
TXN-004200,CUST-00252,45000.00,2025-11-06,North
TXN-004347,CUST-00054,16.63,2025-12-20,South
TXN-001687,CUST-00479,1022.48,2025-04-22,Central
TXN-000661,CUST-00258,201.19,2024-08-15,North
TXN-001374,CUST-00454,999999.99,2025-08-02,Central
TXN-003260,CUST-00182,51.57,2024-07-24,North
TXN-001831,CUST-91084,114.39,2024-09-23,North
TXN-001939,CUST-00412,36.00,2025-11-07,South
TXN-002135,CUST-00066,82.76,2024-07-02,South
TXN-004252,CUST-00499,738.88,2024-07-28,North
TXN-002912,CUST-00116,805.10,2024-12-31,East
TXN-002431,CUST-00460,94.17,2024-03-08,South
TXN-004885,CUST-00362,192.41,2024-11-21,West
TXN-004159,CUST-00481,148.46,2025-08-12,South
TXN-001119,CUST-00184,232.80,2024-08-28,South
TXN-001804,CUST-00026,32.62,2024-03-12,East
TXN-001170,CUST-00106,94.08,2024-11-19,East
TXN-002583,CUST-00053,68.23,2025-01-06,North
TXN-002200,CUST-00066,819.07,2025-08-19,South
TXN-003018,CUST-00076,35.79,2025-09-09,East
TXN-000851,CUST-00319,19.16,2024-05-24,East
TXN-003438,CUST-00177,214.23,2025-08-06,North
TXN-004476,CUST-00304,400.32,2025-09-18,North
TXN-004660,CUST-00438,517.60,2025-07-30,North
TXN-000167,CUST-00352,75.72,2025-09-27,Central
TXN-004779,CUST-00064,224.00,2025-07-26,West
TXN-002966,CUST-00229,122.56,2025-08-10,East
TXN-000514,CUST-00126,41.18,2024-05-29,Central
TXN-001514,CUST-00500,31.58,2024-07-14,East
TXN-000772,CUST-00392,186.52,2025-11-03,Central
TXN-003001,CUST-00421,38.72,2025-12-20,East
TXN-003419,CUST-00500,465.50,2025-02-05,West
TXN-003170,CUST-00301,215.03,2025-11-01,EAST
TXN-003861,CUST-00052,32.26,2025-10-16,East
TXN-004940,CUST-00414,126.47,2024-12-22,North
TXN-003727,CUST-00439,604.32,2025-07-20,
TXN-002532,CUST-00436,44.78,2024-06-09,West
TXN-001963,CUST-00092,79.19,2024-11-26, East
TXN-004036,CUST-00481,352.33,2025-07-14,South
TXN-000643,CUST-00477,-646.24,2024-04-25,North
TXN-002226,CUST-00015,,2024-10-08,East
TXN-003173,CUST-00437,513.22,2025-07-13,South
TXN-003387,CUST-00091,836.79,2024-12-14,Central
TXN-004801,CUST-00444,431.76,2024-08-25,West
TXN-001091,CUST-00302,505.48,2024-03-11,South
TXN-002665,CUST-00500,48.04,2024-05-19,East
TXN-001571,CUST-00034,223.77,2025-07-16,South
TXN-001812,CUST-00352,114.23,2024-12-17,Central
TXN-004740,CUST-00156,-24.03,2025-12-04,North
TXN-001968,CUST-00482,48.46,2025-10-23,West
TXN-002180,CUST-00121,262.55,2024-11-06,West
TXN-000888,CUST-00317,51.42,2024-02-13,South
TXN-001393,CUST-00155,178.83,2025-07-14,North
TXN-004804,CUST-00054,1413.08,2024-12-07,S
TXN-002976,CUST-00398,34.44,2025-09-21,Central
TXN-004493,CUST-00272,358.74,2025-07-19,East
TXN-003348,CUST-00422,234.78,2025-05-21,North
TXN-000094,CUST-00041,162.21,2025-09-02,South
TXN-003811,CUST-00011,49.24,2025-09-08,Central
TXN-004595,CUST-00399,196.95,2024-05-22,Central
TXN-003670,CUST-00398,148.74,2025-08-10,Central 
TXN-000901,CUST-00494,170.29,2024-11-18,N
TXN-000457,CUST-00416,36.16,2024-08-03,West
TXN-003023,CUST-00076,28.28,2025-06-30,East
TXN-001634,CUST-00299,724.22,2025-06-30,West
TXN-004365,CUST-00196,364.96,2025-02-18,C
TXN-000960,CUST-00093,342.71,2025-01-08,South
TXN-001613,CUST-00156,194.74,2024-01-27,North
TXN-000065,CUST-00365,1416.66,2025-10-20,West
TXN-000218,CUST-00495,100.41,2025-12-25,South
TXN-000137,CUST-00005,91.06,2024-12-30,West
TXN-002430,CUST-00173,87.42,2025-01-12,North
TXN-003921,CUST-00076,20.93,2025-06-28,East
TXN-003069,CUST-00293,48.23,2025-08-24,South
TXN-000665,CUST-00064,19.27,2024-03-05,West
TXN-003540,CUST-00256,80.39,2024-06-25,South
TXN-002287,CUST-00097,38.45,2024-05-27,CENTRAL
TXN-003440,CUST-00417,166.13,2024-10-09,Central
TXN-002782,CUST-00306,34.09,2024-06-12,Central
TXN-004270,CUST-00213,168.74,2025-06-24,Central
TXN-004743,CUST-00121,872.91,2025-12-29,West
TXN-001623,CUST-00240,42.88,2025-10-17,South
TXN-002554,CUST-00454,73.24,2025-10-20,Central
TXN-004649,CUST-00355,147.14,2025-10-02,West
TXN-001200,CUST-00143,689.57,2025-10-17,North
TXN-001362,CUST-00411,35.26,2024-07-05,Central
TXN-002211,CUST-00488,486.86,2025-12-14,East
TXN-004903,CUST-00040,140.46,2024-10-13,North
TXN-001935,CUST-00123,50.46,2025-04-27,South
TXN-002379,CUST-00300,106.88,2025-12-14,West
TXN-000075,CUST-00066,33.59,2025-06-01,South
TXN-002753,CUST-00411,37.87,2025-03-16,CENTRAL
TXN-004249,CUST-00041,103.65,2024-10-06,South
TXN-000549,CUST-00288,27.92,2024-02-27,NORTH
TXN-002444,CUST-00398,143.16,2025-05-09,central
TXN-002055,CUST-00272,35.27,2025-02-09,East
TXN-003397,CUST-00085,106.05,2024-04-05,West
TXN-004894,CUST-00021,76.86,08/07/2024,East
TXN-000294,CUST-00183,938.78,2025-06-06,East
TXN-000648,CUST-00327,52.14,2024-12-21,South
TXN-004478,CUST-00219,197.98,2025-10-14,West
TXN-004172,CUST-00177,339.59,2025-11-18,North 
TXN-002124,CUST-00415,337.36,2024-11-02,West
TXN-004722,CUST-00116,91.12,2024-09-19,East
TXN-001289,CUST-00054,198.01,2024-01-10,South
TXN-000032,CUST-00413,371.73,2024-04-30,South 
TXN-004996,CUST-00184,200.98,2024-06-02,SOUTH
TXN-000403,CUST-00239,923.00,2024-09-14,North
TXN-000083,CUST-00076,96.16,2025-08-23,East
TXN-001926,CUST-00074,1142.85,2024-04-02,Central
TXN-002752,CUST-00366,110.08,2024-04-25,North
TXN-001412,CUST-00392,45.40,2025-05-27,Central
TXN-004652,CUST-00408,18.47,2024-04-19,South
TXN-003966,CUST-00270,-234.68,2025-08-09,North
TXN-003389,CUST-00462,85.86,2025-09-19,East
TXN-002266,CUST-00451,190.41,2024-11-17,North
TXN-003236,CUST-00350,25.60,2025-03-28,North
TXN-000542,CUST-00076,375.59,2024-02-07,East
TXN-001397,CUST-00040,531.14,2025-01-03,North
TXN-003804,CUST-00243,431.79,2025-09-23,West
TXN-000944,CUST-00185,67.62,2025-11-28,North
TXN-001631,CUST-00173,70.71,2025-05-17,North
TXN-000925,CUST-00283,175.76,2025-05-09,West
TXN-000054,CUST-00114,51.64,2024-01-25,North
TXN-004621,CUST-00296,104.47,2025-06-04,North
TXN-002402,CUST-00349,1366.57,2024-05-15,East
TXN-003501,CUST-00174,172.21,2024-07-20,S
TXN-001707,CUST-00282,1129.74,2025-12-14,Central
TXN-002275,CUST-00398,199.75,2024-06-10,Central
TXN-001485,CUST-00015,554.52,2025-10-09,East
TXN-001749,CUST-00340,473.04,2025-04-24,Central
TXN-001165,CUST-00083,221.33,2025-07-02,Central
TXN-000990,CUST-00098,36.73,2024-03-29,EAST
TXN-004464,CUST-00110,911.60,2025-07-10,South
TXN-004670,CUST-00154,343.86,2025-04-02,Central
TXN-004701,CUST-00126,1088.48,2025-11-20,Central
TXN-001987,CUST-00435,462.47,2024-06-28,North
TXN-004175,CUST-00353,1252.17,2025-08-11,South
TXN-004125,CUST-00272,42.10,2024-11-06,East
TXN-003070,CUST-00475,47.65,2025-09-09,South
TXN-001670,CUST-00326,449.58,2024-06-08,east
TXN-000560,CUST-00143,200.29,2024-09-13,North
TXN-003545,CUST-00019,24.29,2024-04-29,North
TXN-000286,CUST-00110,46.96,2025-07-03,South
TXN-004199,CUST-00184,21.71,2025-04-10,South
TXN-004178,CUST-00068,106.28,2024-08-03,WEST
TXN-002164,CUST-00258,324.03,2025-11-03,North
TXN-004202,CUST-00434,96.55,2024-07-21,South
TXN-001197,CUST-00280,554.63,2025-12-15,West
TXN-000190,CUST-00373,262.71,2025-07-18,West
TXN-000724,CUST-00364,85.04,2024-10-23,South
TXN-000275,CUST-00113,111.75,2025-02-20,Central
TXN-004654,CUST-96175,1002.05,2024-01-24,Central
TXN-003429,CUST-00322,103.06,2024-06-03,East
TXN-004593,CUST-00417,26.68,2024-03-24, Central
TXN-003978,CUST-00414,44.84,2024-05-19,North
TXN-000240,CUST-00274,49.33,2025-06-23,North
TXN-001121,CUST-00497,1062.29,2024-01-27,North
TXN-003042,CUST-00027,188.39,2025-09-28,East
TXN-000406,CUST-00485,198.27,2025-08-22,East
TXN-004425,CUST-00158,88.32,2024-08-29,North
TXN-003732,CUST-00324,284.45,2025-11-15,South
TXN-003138,CUST-00456,83.21,2025-02-10,North
TXN-001432,CUST-00027,1157.59,2024-08-21,East
TXN-003698,CUST-00327,33.37,2024-11-17,South
TXN-004383,CUST-00442,100.33,2024-03-14,East
TXN-003251,CUST-00386,85.16,2024-12-12,West
TXN-001747,CUST-00307,146.84,2025-02-08,Central
TXN-004287,CUST-00140,1283.85,2025-01-16,West
TXN-004526,CUST-00414,38.92,2025-06-20,North
TXN-001515,CUST-00414,308.33,2025-06-03,North
TXN-000472,CUST-00455,926.94,2024-01-06,South
TXN-004302,CUST-00196,43.91,2025-05-28,Central
TXN-004035,CUST-00349,116.92,2024-07-03,East
TXN-004891,CUST-00277,91.43,2024-01-03,Central
TXN-003567,CUST-00199,104.96,2025-10-23,Central
TXN-000547,CUST-00372,132.03,2025-04-19,Central
TXN-002190,CUST-00282,35.51,2025-02-13,Central
TXN-003467,CUST-00040,30.14,2025-07-21,North
TXN-002542,CUST-00226,817.62,2025-05-01,West
TXN-000180,CUST-00307,24.17,2024-02-23,Central
TXN-002166,CUST-00346,42.02,2025-08-29,West
TXN-004875,CUST-00083,49.57,2024-04-21,Central
TXN-000029,CUST-00463,28.78,2024-09-17,Central
TXN-004787,CUST-00077,853.38,2024-09-14,West
TXN-002458,CUST-00005,525.17,2024-12-24,West
TXN-003054,CUST-00245,1297.50,2025-08-25,South
TXN-003003,CUST-00080,1058.86,2024-11-12,East
TXN-004067,CUST-00339,28.69,2024-11-10,Central
TXN-001495,CUST-95708,179.64,2024-05-10,Central
TXN-000258,CUST-00110,337.05,2025-01-03,South
TXN-004072,CUST-00465,775.23 USD,2025-11-15,West
TXN-003917,CUST-00011,521.53,2024-06-05,Central
TXN-003834,CUST-00152,448.76,2024-05-10,North
TXN-001998,CUST-00074,81.16,2024-12-29,Central
TXN-003816,CUST-00404,1219.29,2024-02-10,East
TXN-002598,CUST-00110,396.23,2024-10-29,South
TXN-000940,CUST-92571,1414.59,2025-09-26,East
TXN-000797,CUST-00075,91.76,2025-11-26,East
TXN-002556,CUST-00283,38.56,2025-02-12,West
TXN-000191,CUST-00009,30.13,2024-05-18,South
TXN-001772,CUST-00014,104.50,2024-02-13,West
TXN-000780,CUST-00119,23.36,2025-04-25,East
TXN-002940,CUST-00468,1138.92,2024-04-18,East
TXN-002479,CUST-00049,126.68,2024-07-24,Central
TXN-002953,CUST-00414,941.85,2024-12-13,North
TXN-003879,CUST-00163,535.92,2025-09-18,West
TXN-004260,CUST-00245,249.30,2025-10-11,South
TXN-001179,CUST-00383,172.55,2024-07-25,Central
TXN-002318,CUST-00463,874.56,2025-09-23,Central
TXN-000061,CUST-00209,102.07,2024-11-02,West
TXN-004440,CUST-00221,221.22,2024-07-08,North
TXN-002884,CUST-00485,52.75,2025-01-27,East
TXN-002994,CUST-00179,1209.95,2025-12-13,West
TXN-003509,CUST-00144,506.13,2024-04-01,North
TXN-001582,CUST-00121,233.14,2024-07-04,West
TXN-000153,CUST-00289,568.48,2025-08-08,North
TXN-002734,CUST-00287,468.27,2024-08-01,West
TXN-003777,CUST-00404,203.44,2024-10-29,East
TXN-003299,CUST-00076,-47.96,2025-01-28,East
TXN-003745,CUST-00133,113.55,2024-10-14,Central
TXN-000986,CUST-00023,98.07,2024-01-04,East
TXN-004179,CUST-00406,28.53,2024-10-11,Central
TXN-003762,CUST-00060,310.04,2024-11-02,North
TXN-004370,CUST-00270,430.23,2024-12-31,North
TXN-000245,CUST-00397,33.44,2025-05-23,East
TXN-002151,CUST-00349,435.83,2024-02-05,East
TXN-004192,CUST-00103,112.56,2024-12-19,West
TXN-002042,CUST-00040,188.95,2025-08-22,North
TXN-001960,CUST-00108,40.73,2024-01-08,East
TXN-004208,CUST-00121,300.55,2025-04-05,West
TXN-002278,CUST-00335,166.30,2025-05-28,West
TXN-000734,CUST-00317,87.16,2025-07-28,South
TXN-000226,CUST-00475,81.15,2024-06-07,South
TXN-004045,CUST-00384,37.28,2024-01-17,South
TXN-004475,CUST-00444,102.32,2024-08-30,West
TXN-001540,CUST-00116,239.42,2025-04-04,East
TXN-002921, CUST-00417,103.92,2025-10-06,Central
TXN-001961,CUST-00143,26.05,2025-10-27,North
TXN-003693,CUST-00138,84.43,2024-07-04,Central
TXN-004075,CUST-00049,298.93,2024-08-21,Central
TXN-001282,CUST-00226,47.66,2024-04-27,West
TXN-002831,CUST-00491,162.48,2024-03-14,South
TXN-000302,CUST-00182,48.47,2024-08-11,North
TXN-003078,CUST-00005,194.33,2024-09-12,West
TXN-003672,CUST-00121,131.44,2025-06-25,WEST
TXN-000941,CUST-00136,974.16,2025-03-02,South
TXN-000350,CUST-00321,153.13,2025-04-07,North
TXN-004793,CUST-00315,97.62,2025-10-28,South
TXN-004232,CUST-00166,108.72,2024-02-29,North
TXN-002939,cust-00144,555.83,2025-06-08,North
TXN-004921,CUST-00333,1034.00,2024-09-18,West
TXN-002393,CUST-00084,34.25,2024-01-27,North
TXN-002254,CUST-00214,24.94,2024-05-21,South
TXN-004551,CUST-00351,50.50,2024-02-29,Central
TXN-004910,CUST-00417,736.30,2025-08-18,Central
TXN-002616,CUST-00019,41.11,2024-06-27,North
TXN-004482,CUST-00128,252.37,2025-06-30, South
TXN-002011,CUST-00214,117.57,2024-01-16,South
TXN-004947,CUST-00295,20.44,2024-01-07,Central
TXN-002513,CUST-00335,253.52,2025-01-02,West
TXN-000955,CUST-00115,108.30,2025-11-25,Central
TXN-003847,CUST-00229,107.52,2024-03-10,East
TXN-001738,CUST-00258,466.72,2025-10-02,North
TXN-001545,CUST-00171,552.43,2025-08-04,West
TXN-002574,CUST-00349,36.77,2025-05-19,East
TXN-001319,CUST-00327,124.07,2025-02-16,South
TXN-000283,CUST-00126,51.63,2025-07-25,Central
TXN-001058,CUST-00069,36.10,01/03/2024,South
TXN-002615,CUST-00286,60.73,2025-05-10,West
TXN-001458,CUST-00311,744.47,2024-01-12,South
TXN-000775,CUST-00081,83.22,2024-07-11,North
TXN-003035,CUST-00312,1303.91,2024-07-15,Central
TXN-000943,CUST-00058,105.12,2024-07-29,North
TXN-002014,CUST-00422,,2024-06-13,North
TXN-003578,CUST-00206,117.39,2025-11-26,North
TXN-002946,CUST-00322,78.87,2024-08-20,Central
TXN-002635,CUST-00414,83.42,2025-11-02,North
TXN-003270,CUST-96559,46.20,2025-07-26,Central
TXN-003184,CUST-00366,104.01,2024-11-30,North
TXN-002453,CUST-00451,1170.46,2025-12-09,North
TXN-003810,CUST-00497,1038.66,2025-04-22,North
TXN-004453,CUST-00303,40.97,2024-11-13,West
TXN-004029,CUST-00313,133.25,2025-05-07,Central
TXN-004041,cust-00297,49.26,2024-11-25,East
TXN-002813,CUST-00173,347.83,2025-02-09,North
TXN-004162,CUST-00454,997.36,2025-04-13,Central
TXN-000143,CUST-00381,183.72,2024-02-01,Central
TXN-002378,CUST-00421,228.75,2024-02-12,East
TXN-004641,CUST-00237,235.86,2025-07-17,North
TXN-001938,CUST-00059,46.70,2024-07-28,Central
TXN-003278,CUST-00063,220.01,2025-05-29,North
TXN-000809,CUST-00219,251.48,2024-07-30,W
TXN-004141,CUST-00057,99.75,2025-07-17,North
TXN-001662,CUST-00499,97.58,2025-08-20,N
TXN-004015,CUST-00007,250.35,2025-03-21,Central
TXN-000178,CUST-00444,300.48,2025-04-01,West
TXN-004748,CUST-00442,1156.97,2024-02-23,East
TXN-004308,CUST-00118,255.27,2024-02-20,north
TXN-004951,CUST-00464,99.22,2024-11-26,South
TXN-003924,CUST-00093,23.42,2024-01-14,South
TXN-001424,CUST-00464,38.66,2025-07-29,South
TXN-002372,CUST-00324,1292.53,2025-11-15,South
TXN-001324,CUST-00005,101.93,2025-03-26,West
TXN-001136,CUST-00013,387.01,2025-02-26,North
TXN-000552,CUST-00077,245.90,2025-02-16,West
TXN-003065,CUST-00377,998.87,2024-06-27,South
TXN-000177,CUST-00273,42.21,2025-04-16,North
TXN-004273,CUST-00143,524.74,2025-05-15,North
TXN-004064,CUST-00091,107.72,2024-11-12,Central
TXN-003965,CUST-00322,134.78,2024-03-14,Central
TXN-003951,CUST-00049,432.03,2024-08-11,Central
TXN-002100,CUST-00272,766.03,2024-10-28,East
TXN-003927,CUST-00462,520.34,2025-04-05,Central
TXN-004268,CUST-00301,81.74,2024-11-21,East
TXN-003612,CUST-00417,18.22,2025-11-05,Central
TXN-001220,CUST-00024,37.18,2024-07-31,East 
TXN-002843,CUST-00120,50.30,2024-05-29,North
TXN-002354,CUST-00276,42.02,2024-05-15,West
TXN-004116,CUST-00372,161.63,2024-07-17,West
TXN-002286,CUST-00478,124.39,2024-05-27,East
TXN-004912,CUST-00040,1013.55,2025-07-18,North
TXN-000864,CUST-00493,-42.60,2024-05-13,South
TXN-000087,CUST-00126,179.98,2024-08-06,Central
TXN-000659,CUST-00047,169.87,2025-11-03,Central
TXN-002401,CUST-00283,231.19,2024-11-22,West
TXN-002145,CUST-00008,350.88,2024-04-28,East
TXN-004282,CUST-00421,56.32,2024-06-27,E
TXN-003840,CUST-00323,163.42,2024-07-06,North
TXN-001055,CUST-00088,470.71,2025-01-28,West
TXN-001942,CUST-00220,1294.55,2024-02-24,Central
TXN-002720,CUST-00500,1215.00,2025-01-22,East
TXN-002613,CUST-00414,20.96,2025-01-27,North
TXN-000992,CUST-00184,113.97,2024-11-01,South
TXN-000013,CUST-00034,764.99,2024-09-21,South
TXN-000534,CUST-00147,650.79,2025-10-30,South
TXN-000983,CUST-00195,15.96,2024-11-01,east
TXN-000332,CUST-00415,62.80,2025-03-16,West
TXN-000225,CUST-00110,40.54,2024-01-27,South
TXN-004871,CUST-00470,793.51,2025-03-27,North
TXN-000768,CUST-00298,39.30,2024-03-31,North
TXN-001301,CUST-00104,630.23,2025-09-27,W
TXN-000154,CUST-00304,42.54,2025-01-23,North
TXN-002193,CUST-00485,84.24,2025-08-22,East
TXN-003725,CUST-00121,438.36,2025-04-16,west
TXN-001730,CUST-00150,118.46,2025-11-16,East
TXN-000469,CUST-00417,226.55,2024-03-08,Central
TXN-003273,CUST-00214,174.38,2024-03-08,West
TXN-002110,CUST-00444,31.70,2025-08-21,West
TXN-003956,CUST-00142,932.74,2024-05-11,Central
TXN-002461,CUST-00108,553.64,2024-05-20,East
TXN-003491,CUST-00007,563.35,2024-05-22,Central
TXN-000559,CUST-00068,83.68,2024-02-11,west
TXN-001335,CUST-00159,,2024-07-10,North
TXN-002853,CUST-00435,24.63,2025-06-22,North
TXN-003803,CUST-00056,403.83,2025-05-20,Central
TXN-001436,CUST-00373,204.07,2024-05-01,West
TXN-000849,CUST-00155,30.13,2025-08-15,North
TXN-000684,CUST-00435,146.32,2024-05-11,NORTH
TXN-000477,CUST-00456,194.16,2025-05-06,North
TXN-001263,CUST-00247,227.79,2025-05-04,Central
TXN-003812,CUST-00355,98.39,2024-04-02,North
TXN-003859,CUST-00076,558.86,2025-09-30,EAST
TXN-001442,CUST-00147,749.87,2024-12-23,South
TXN-004687,CUST-00332,201.21,2024-12-02,North
TXN-002960,CUST-00500,100.92,2025-11-02,East
TXN-000702,CUST-00473,1154.83,2024-01-10,West
TXN-002303,CUST-00013,50.23,2024-05-13,North
TXN-004096,CUST-00103,,2024-07-10,West
TXN-001306,CUST-00417,545.98,2025-10-09,Central
TXN-001156,CUST-00203,50.59,2025-04-30,West
TXN-004424,CUST-00327,33.41,2024-05-25,South
TXN-001725,CUST-00079,1420.58,2024-12-23,South
TXN-001737,CUST-00043,79.35 USD,2025-01-11,West
TXN-003160,CUST-00001,89.32,2025-06-09,Central
TXN-004865,CUST-00422,193.20,2025-10-11,North
TXN-002630,CUST-00299,67.99,2025-07-13,South
TXN-003702,CUST-00076,678.71,2025-09-04,East
TXN-002968,CUST-00312,185.73,2025-01-19,Central
TXN-003905,CUST-00230,69.76,2024-05-12,North
TXN-000745,CUST-00124,18.92,2024-01-30,Central
TXN-002623,CUST-00117,503.68,2025-03-16,North
TXN-002760,CUST-00066,787.09,2025-12-01,South
TXN-004406,CUST-00367,22.34,2024-09-13,North
TXN-002614,CUST-00085,194.18,2025-12-24,West
TXN-004094,CUST-00208,48.96,2025-03-14,West
TXN-003650,CUST-00076,105.56,2025-03-12,East
TXN-003493,CUST-00112,899.81,2024-09-04,East
TXN-004524,CUST-00373,96.77,2024-03-29,West
TXN-001312,CUST-00292,255.16,2025-10-13,South
TXN-001389,CUST-00260,-279.47,2025-04-05,East
TXN-001023,CUST-00111,1027.02,2025-08-14,Central
TXN-003821,CUST-00191,105.70,2024-03-11,West
TXN-001614,CUST-00151,115.64,2025-05-18,North
TXN-004018,CUST-00398,110.94,2025-09-14,C
TXN-003826,CUST-00345,192.63,2024-04-25, East
TXN-003045,CUST-00170,89.21,2025-11-24,South
TXN-004380,CUST-00191,45.42,2024-08-10,West
TXN-001944,CUST-00292,330.47,2025-02-16,South
TXN-001969,CUST-00042,29.24,2025-07-12,West
TXN-000599,CUST-00500,39.33,2024-06-20,East
TXN-003871,CUST-00080,46.68,2025-08-30,East
TXN-002223,CUST-00231,1011.66,2025-01-07,East
TXN-002383,CUST-00169,64.14,2025-10-27,North
TXN-000336,CUST-00288,28.01,2025-11-23,North
TXN-000642,CUST-00271,17.21,2024-03-06,South
TXN-001107,CUST-00265,409.36,2024-06-14,North
TXN-003479,CUST-93206,1418.74,2025-10-30,West
TXN-002341,CUST-00479,1259.93,2024-01-11,Central
TXN-003517,CUST-00414,20.33,2025-10-11,North
TXN-004579,CUST-00319,133.19,2024-02-20,East
TXN-003875,CUST-00159,162.16,2024-02-11,North
TXN-001552,CUST-00132,57.78,2025-02-05,East
TXN-004954,CUST-00492,28.33,2024-06-02,South
TXN-003486,CUST-00083,1060.59,2025-11-29,Central 
TXN-004550,CUST-00110,215.14,2025-06-22,South
TXN-001690,CUST-00121,444.95,2025-01-10,west
TXN-003128,CUST-00333,1209.17,2025-10-21,West
TXN-003747, CUST-00076,26.24,2024-08-01,East
TXN-002506,CUST-00120,498.92,2025-07-27,North
TXN-000420,CUST-00408,375.11,2025-08-27,South
TXN-000491,CUST-00199,39.48,2025-11-23,Central
TXN-004834,CUST-00178,1439.42,2024-03-12,West
TXN-001015,CUST-00456,43.08,2025-03-29,South
TXN-001542,CUST-00456,155.80,2024-08-24,North
TXN-002365,CUST-00103,418.78,2024-05-09,West
TXN-004560,CUST-00149,242.56,2024-06-18,Central
TXN-002106,CUST-00302,1066.52,2025-10-06,South
TXN-000872,CUST-00108,35.60,2025-10-24,East
TXN-000410,CUST-00018,645.70,2024-11-01,North
TXN-003090,CUST-00037,418.89,2024-12-20,East 
TXN-002179,CUST-00054,33.71,2024-04-19,South
TXN-004432,CUST-00272,129.53,2025-12-27,East
TXN-003739,CUST-00098,612.16,2024-07-20,East
TXN-003447,CUST-00407,67.63,2025-08-23,South
TXN-000407,CUST-00444,37.63,2024-10-04,West
TXN-004602,CUST-00231,59.33,2024-05-30,East
TXN-000351,CUST-00405,382.56,2025-10-23,South
TXN-004960,CUST-00083,679.74,2025-11-09,Central
TXN-002971,CUST-00495,403.71,2025-03-13,South
TXN-002026,CUST-00219,16.15,2025-10-22,West
TXN-002153,CUST-00275,112.91,2024-12-25,North
TXN-002654,CUST-00093,111.56,2024-05-28,South
TXN-000173,CUST-00206,282.69,2024-02-27,North
TXN-003798,CUST-00454,34.26,2024-08-28,Central
TXN-003552,CUST-00392,39.67,2025-10-24,Central
TXN-000030,CUST-00349,251.91,2024-06-17,East
TXN-003214,CUST-00263,1228.10,2025-01-10,North
TXN-004554,CUST-00382,34.94,2025-11-03,East
TXN-002925,CUST-00322,921.05,2024-10-22,Central
TXN-002600,CUST-00008,25.78,2025-01-02,East
TXN-003722,CUST-00248,41.97,2024-11-16,south
TXN-000059,CUST-00313,18.92,2024-05-27,Central
TXN-000279,CUST-00495,83.41,2025-04-29,South
TXN-003327,CUST-00339,1054.24,2024-11-07,Central
TXN-003165,CUST-00057,510.43,2025-06-11,North
TXN-002185,CUST-00366,53.20,2025-06-25,North
TXN-001443,CUST-00464,55.32,2024-05-14,SOUTH
TXN-004120,CUST-00396,89.17,2024-03-10,West
TXN-004017,CUST-00201,42.79,2024-06-06,South
TXN-003289,CUST-00126,1302.82,2025-06-07,Central
TXN-004488,CUST-00255,17.24,2025-03-23,East
TXN-004203,CUST-00089,38.28,2025-12-26,South
TXN-000265,CUST-00485,494.25,2025-07-04,East
TXN-000056,CUST-00019,50.48,2025-04-10,North
TXN-003848,CUST-00417,57.57,2025-03-31,central
TXN-000581,CUST-00220,,2025-06-06,Central
TXN-002941,CUST-00440,962.62,2025-01-19,South
TXN-001167,CUST-00063,286.02,2025-12-03,North
TXN-004609,CUST-00187,383.75,2024-07-11,West
TXN-002413,CUST-00208,67.43,2024-12-06,West
TXN-002091,CUST-00171,219.84,2024-10-17,West
TXN-004315,CUST-00040,43.97,2024-01-31,North
TXN-000691,CUST-00422,29.75,2025-05-29,North
TXN-004999,CUST-00469,116.69,2024-02-23,Central
TXN-001493,CUST-00089,894.71,2025-05-23,South
TXN-003842,CUST-00418,1185.32,2024-09-02,East 
TXN-003175,CUST-00194,109.52,2025-07-20,North
TXN-002138,CUST-00086,221.76,2024-12-29,West
TXN-000028,CUST-00083,202.42,2025-06-17,Central
TXN-003846,CUST-00356,49.44,2025-07-26,West
TXN-002408,CUST-00486,20.66,2025-07-24,North
TXN-004750,CUST-00420,528.02,2025-12-01,North
TXN-002688,CUST-00245,71.23,2025-02-19,West
TXN-002830,CUST-00163,468.58,2025-01-02,West
TXN-004548,CUST-00374,162.72,2024-01-24,North
TXN-001977,CUST-00239,284.97,2025-05-05,North
TXN-000340,CUST-00322,1007.60,2025-07-06,Central
TXN-002317,CUST-00076,193.32,2025-02-10,East
TXN-004846,CUST-00053,493.79,2024-01-22,North
TXN-002241,CUST-00413,110.55,2025-05-12,South
TXN-003292,CUST-00444,211.47,2025-12-12,West
TXN-001564,CUST-00144,29.66,2025-01-03,North
TXN-003180,CUST-00094,170.57,2024-02-29,C
TXN-001483,CUST-00320,42.71,2025-09-20,West
TXN-000341,CUST-00374,96.92,2024-11-19,North
TXN-003468,CUST-00239,117.28,2025-07-24,North
TXN-002864,CUST-00066,695.25,2025-07-04,South
TXN-001333,CUST-00212,185.32,2025-11-05,South
TXN-000109,CUST-00351,953.37,2025-07-25,South
TXN-003971,CUST-00468,228.84,2024-12-13,East
TXN-003369,CUST-00177,504.04,2025-07-01,North
TXN-001230,CUST-00324,103.28,2024-08-30,South
TXN-003400,CUST-00290,90.22,2025-12-31,West
TXN-001708,CUST-00016,32.75,2025-04-14,West
TXN-003094,CUST-00006,240.02,2024-09-24,East
TXN-004715,CUST-00411,513.31,2025-07-05,Central
TXN-001340,CUST-00244,40.74,2025-09-20,North
TXN-000662,CUST-00288,30.48,2025-01-25,North
TXN-000604,CUST-00066,552.83,2024-03-05,South
TXN-001278,CUST-00177,15.69,2025-10-17,North
TXN-001346,CUST-00354,792.73,2025-07-10,North
TXN-000817,CUST-00139,61.55,2024-01-02,West
TXN-001756,CUST-00360,994.43,2025-09-26,South
TXN-002094,CUST-00080,77.70,2024-09-14,East
TXN-000446,CUST-00280,154.61,2025-06-11,Central
TXN-003844,CUST-00259,486.42,2025-02-07,Central
TXN-004402,CUST-00156,62.84,2024-10-02,North
TXN-003197,CUST-00280,25.95,2024-03-08,West
TXN-000149,CUST-00222,82.12,2024-05-25,Central
TXN-000244,CUST-00208,44.87,2024-05-26,West
TXN-004388,CUST-00365,355.95,2025-11-23,West
TXN-003346,CUST-00160,50.59,2025-09-23,South
TXN-001758,CUST-00045,551.87,2024-06-28,East
TXN-003652,cust-00420,52.07,2024-06-05,North
TXN-000502,CUST-00041,17.30,2025-09-18,South
TXN-001865,CUST-00093,1127.71,2025-02-12,South
TXN-003532,CUST-00055,98.17,2025-07-25,West
TXN-000694,CUST-00349,30.81,2025-05-01,East
TXN-000852,CUST-00414,58.13,2024-01-25,NORTH
TXN-001695,CUST-00033,558.00,2024-06-06,West
TXN-002856,CUST-90436,39.95,2024-07-11,West
TXN-004732,CUST-00336,247.18,2024-07-03,East
TXN-003073,CUST-00297,45.51,2024-09-23,East
TXN-003498,CUST-00454,371.04,2025-03-21,South
TXN-001615,CUST-00384,327.58,2024-12-04,South
TXN-004541,CUST-00182,158.94,2025-07-12,North
TXN-004049,CUST-00037,366.05,2025-11-22,East
TXN-001431,CUST-00170,75.62,2025-03-26,South
TXN-004706,CUST-00093,130.38,2024-02-25,south
TXN-001526,CUST-00481,77.22,2025-08-29,South
TXN-004955,CUST-00460,465.93,2024-09-09,South
TXN-003130,CUST-00284,19.90,2025-04-09,CENTRAL
TXN-001066,CUST-00193,765.97,2025-12-29,North
TXN-003916,CUST-00080,1418.18,2024-03-14,Central
TXN-004456,CUST-00247,141.84,2025-04-03,Central
TXN-002323,CUST-00074,357.95,2025-01-05,Central
TXN-000681,CUST-00018,252.90,2025-10-29,North
TXN-002957,CUST-00110,264.58,2024-04-17,South
TXN-002736,CUST-00311,-39.66,2024-02-05,South
TXN-000878,CUST-00046,119.38,2025-04-28,North
TXN-002257,CUST-00411,713.48,2025-11-08,Central
TXN-002792,CUST-00481,73.70,2025-12-29,South 
TXN-001298,CUST-00487,215.56,2025-10-10,West
TXN-000183,CUST-00411,88.99,2025-06-26,Central
TXN-003380,CUST-00091,100.42,2025-01-26,Central
TXN-000957,CUST-00422,101.78,2024-09-06,North
TXN-000923,CUST-00319,49.73,2024-08-08,East
TXN-000611,CUST-00084,110.20,2025-12-22,North 
TXN-003415,CUST-00173,66.10,2025-12-01,North
TXN-004052,CUST-00116,207.04,2025-11-04,East
TXN-003466,CUST-00014,533.10,2024-08-17,West
TXN-000602,CUST-00076,299.94,2024-06-14,East
TXN-002250,CUST-00500,19.30,2025-07-08,East
TXN-000078,CUST-00286,108.21,2024-05-27,West
TXN-003555, CUST-00116,53.53,2025-12-22,East
TXN-002819,CUST-00500,645.68,2024-06-08,East
TXN-000561,CUST-00128,34.16,2025-11-06,South
TXN-002488,CUST-00043,29.85,2025-08-24,West
TXN-001813,CUST-00285,480.08,2025-01-18,West
TXN-001765,CUST-00128,33.09,2024-07-31,South
TXN-001803,CUST-00219,478.57,2025-12-31,West
TXN-000329,CUST-00329,17.74,2025-05-05,South
TXN-002073,CUST-00398 ,35.61,2025-03-06,Central
TXN-004044,CUST-00075,609.77,2024-11-26,East
TXN-000752,CUST-00091,22.54,2024-08-04,CENTRAL
TXN-003287,CUST-00029,157.00,2024-11-17,South
TXN-002993,CUST-00314,87.90,2024-03-30,East
TXN-003391,CUST-00481,319.08,2024-10-21,South 
TXN-001807,CUST-00106 ,88.66,2024-01-06,East
TXN-003620,CUST-00385,947.21,2024-08-17,West
TXN-002240,cust-00178,201.34,2025-04-15,West
TXN-004634,CUST-00411,247.97,2024-09-12,Central
TXN-004242,CUST-00476,1408.08,2025-11-01,North
TXN-004401,CUST-00173,330.00,2024-02-25,North
TXN-004642,CUST-00214,48.86,2025-07-09, South
TXN-003996,CUST-00135,126.69,2025-12-21, South
TXN-002799,CUST-00293,435.22,2024-06-25,south
TXN-003838,CUST-00094,1015.02,2024-07-04,Central
TXN-004026,CUST-00495,761.73,2024-02-06,South
TXN-002967,CUST-00208,105.01,2024-07-13,South
TXN-003712,CUST-00444,46.57,2025-06-17,West
TXN-004901,CUST-00226,526.86,2024-06-10,West
TXN-000853,CUST-00330,59.99,2025-08-18,West
TXN-004324,CUST-94033,662.86,2024-01-07,Central
TXN-002520,CUST-00288,44.21,2025-04-24,North
TXN-002128,CUST-00452,58.40,2024-11-08,East
TXN-003246,CUST-00186,448.94,2024-09-07,South
TXN-001990,CUST-00127,-986.17,2025-03-21,East
TXN-001208,CUST-00074,67.58,2025-11-03,Central
TXN-002675,CUST-00074,46.86,2025-10-22,Central
TXN-000409,CUST-00237,113.96,2025-07-27,North
TXN-003379,CUST-00350,216.51,2025-10-04,North
TXN-001388,CUST-00323,232.73,2025-11-04,West
TXN-001703,CUST-00053,63.12,2025-10-16,North
TXN-002067,CUST-00022,820.30,2025-11-23,South
TXN-001863,CUST-00414,29.50,2025-07-11,North
TXN-000139,CUST-00040,243.16,2025-05-31, North
TXN-002582,CUST-00027,-44.94,2025-11-25,East
TXN-000212,CUST-00259,41.21,2025-07-02,Central
TXN-004016,CUST-00228,161.90,2025-02-18,East
TXN-000347,CUST-00422,129.84,2024-03-19,North
TXN-001426,CUST-00144,540.02,2025-02-06,North
TXN-002310,CUST-00081,21.93,2024-05-03,North
TXN-000003,CUST-00088,51.65,2024-04-26,West
TXN-003502,CUST-00356,114.66,2025-05-13,West
TXN-002617,cust-00259,46.21,2025-01-12,Central
TXN-002793,CUST-00248,35.26,2025-01-30,South
TXN-001750,CUST-00249,1321.31,2025-07-08,West
TXN-002812,CUST-00126,475.63,2025-07-23,Central
TXN-001658,CUST-00468,451.04,2025-10-07,East
TXN-001033,CUST-00371,,2024-02-10,Central
TXN-003133,CUST-00364,79.95,2025-09-05,South
TXN-002563,CUST-00110,138.80,2025-07-16,South
TXN-000463,CUST-00229,49.25,2024-01-08,East
TXN-003190,CUST-00140,540.33,2025-08-17,West
TXN-003321,CUST-00065,213.98,2024-04-15,North
TXN-004124,CUST-00259,263.28,2024-07-25,West
TXN-002459,CUST-00463,1339.65,2025-04-11,Central
TXN-004228,CUST-00089,348.67,2024-01-17,South
TXN-000450,CUST-00444,322.30,2025-05-06, West
TXN-001705,CUST-00498,421.49,2025-12-19,West
TXN-002132,CUST-00320,1038.66,2024-12-04,West
TXN-000875,CUST-00107,901.15,2025-12-18,East
TXN-002406,CUST-00188,120.17,2025-03-23,West
TXN-003408,CUST-00134,262.37,2025-10-19,East
TXN-000416,CUST-00093,39.97,2025-04-28,South
TXN-000152,CUST-00043,39.73,2025-07-30,West
TXN-001381,CUST-00235,145.71,2024-02-24,North
TXN-000354,CUST-00065,39.43,2024-10-08,north
TXN-002961,CUST-00429,35.43,2025-02-21,North
TXN-002096,CUST-00145,1036.20,2024-12-12, Central
TXN-003402,CUST-00395,63.91,2024-06-13,North
TXN-000263,CUST-00325,532.89,2025-11-04,South
TXN-002012,CUST-00482,56.88,2024-09-18,West
TXN-002540,CUST-00074,483.81,2024-01-22,Central
TXN-004647,CUST-00398,1193.01,2025-09-07,Central
TXN-002363,CUST-00090,424.02,2025-08-22,Central
TXN-002017,CUST-00299,119.70,2024-04-13,West
TXN-001715,CUST-00248,742.01,2024-07-30,South
TXN-001117,CUST-00078,99.64,2024-04-18,Central
TXN-000795,CUST-00444,360.74,2025-05-08,West
TXN-000886,CUST-00196,37.04,2025-05-14,Central
TXN-004878,CUST-00288,220.45,2024-05-10,NORTH
TXN-000551,CUST-00073,164.54,2025-03-01,North
TXN-003022,CUST-00143,171.27,2024-02-20,North
TXN-003005,CUST-00302,25.98,2024-02-25,South
TXN-000241,CUST-00276,400.28,2024-07-24,West
TXN-000814,CUST-00392,82.51,2024-07-13,Central
TXN-002326,CUST-00494,275.61,2024-09-25,North
TXN-000847,CUST-00284,109.62,2025-08-20,Central
TXN-001050,CUST-00407,44.92,2024-04-15,South
TXN-000189,CUST-00494,19.25,15/05/2025,North
TXN-003185,CUST-00446,44.97,2025-09-18,West
TXN-001123,CUST-00343,249.50,2024-12-23,Central
TXN-000522,CUST-00123,339.47,2025-03-01,South
TXN-003255,CUST-00076,771.22,2025-03-26,East
TXN-001820,CUST-00379,263.61,2025-04-23,East
TXN-002369,CUST-00450,440.64,2024-12-09,West
TXN-001089,CUST-00066,106.86,2024-02-09,South
TXN-003182,CUST-00368,135.64,2024-10-02,West
TXN-000774,CUST-00126,72.02,2025-01-11,Central
TXN-001169,CUST-00444,172.20,2025-03-14,West
TXN-000950,CUST-00076,25.92,2025-11-26,East
TXN-000771,CUST-00413,29.44,2025-03-22,South
TXN-001974,CUST-00056,158.47,2025-05-18,Central
TXN-000991,CUST-00444 ,1367.17,2025-12-20,West
TXN-001732,CUST-00154 ,546.00,2024-07-10,Central
TXN-001647,CUST-00202,86.07,2025-01-28,East
TXN-000357,CUST-00093,82.16,2024-02-20,South
TXN-000304,cust-00159,489.49,2025-12-30,North
TXN-000176,CUST-00244,253.95,2025-08-11,North
TXN-004089,CUST-00023,1078.62,2025-05-26,Central
TXN-000747,CUST-00221,23.33,2025-03-30,North
TXN-000520,CUST-00054,713.84,2025-06-29,South
TXN-000587,CUST-00110,48.35,2025-10-20,South
TXN-002947,CUST-98984,500.23,2024-11-24,South
TXN-003589,CUST-00192,171.34,2024-04-16,North
TXN-004990,CUST-00417,$156.16,2025-01-15,Central
TXN-002483,CUST-00427,534.16,2025-02-23,East
TXN-001262,CUST-00481,391.05,2024-03-04,South
TXN-001300,CUST-00076,256.44,2025-10-27,East
TXN-001011,CUST-00300,293.92,26/10/2025,West
TXN-002743,CUST-00157,96.12,2024-09-08,North
TXN-003471,CUST-00110,564.28,2024-01-28,South
TXN-001857,CUST-00201,570.05,2024-06-29,South
TXN-004927,CUST-00491,110.23,2025-04-29,South
TXN-002879,CUST-00083,1009.77,2024-03-17,Central
TXN-003325,CUST-00322,243.04,2024-09-21,Central
TXN-002774,CUST-00210,241.77,2024-02-09,North
TXN-004048,CUST-00020,206.76,2025-10-04,West
TXN-004251,CUST-00328,256.68,2024-08-29,East
TXN-005000,CUST-00114,41.62,2025-03-18,North
TXN-000930,CUST-00267,90.37,2025-02-07,East
TXN-002503,CUST-00080,296.80,2024-10-26,East
TXN-002927,CUST-00422,568.84,2024-12-29,North
TXN-001234,CUST-00235,779.18,2025-01-22,North
TXN-004597,CUST-00043,517.33,2025-01-31,West
TXN-004931,CUST-00272,48.17,2025-02-16,East
TXN-002414,CUST-00261,775.31,2024-01-07,East
TXN-003265,CUST-00084,382.64,2025-03-24,North
TXN-004439,CUST-00422,564.76,2024-11-25,N
TXN-000895,CUST-00373,19.16,2025-10-18,West
TXN-002474,CUST-00255,93.67,2025-12-25,East
TXN-003243,CUST-00184,1001.85,2025-05-19,South
TXN-000207,CUST-00074,75.57,2024-03-09,Central
TXN-001931,CUST-00093,106.48,2025-07-30,South
TXN-004489,CUST-00208,980.94,2025-09-16,West 
TXN-002989,CUST-00039,458.14,2024-09-09,Central
TXN-001310,CUST-00010,32.08,2025-07-01,East
TXN-001143,CUST-00226,34.26,2025-06-20,West 
TXN-003469,CUST-00077,208.76,2024-04-30,West
TXN-000867,CUST-00066,107.68,2025-12-08,South
TXN-003738,CUST-00495,190.66,2025-01-21,South
TXN-001371,CUST-00229,110.25,2024-09-26,Central
TXN-003125,CUST-00025,1437.04,2025-01-18,East
TXN-000192,CUST-00422,449.56,2024-03-21,Central
TXN-004971,CUST-00121,199.51,2024-10-19,West
TXN-001584,CUST-00052,25.87,2025-11-23,East
TXN-002577,CUST-00184,846.27,2024-05-11,South
TXN-002447,CUST-00384,437.29,2024-06-13,South
TXN-000924,CUST-00467,407.86,2024-11-10,South
TXN-003602,CUST-00126,33.52,2024-06-25,Central
TXN-001096,CUST-00066,172.49,2024-11-04,South
TXN-000317,CUST-00456,149.55,2024-07-07,North
TXN-002732,CUST-00063,115.68,2024-11-03,North
TXN-001076,CUST-00470,235.32,2025-11-10,North
TXN-002580,CUST-00352,376.32,2025-01-28,Central
TXN-000869,CUST-00048,56.88,2024-12-11,E
TXN-004966,CUST-00414,56.17,2025-09-26,North
TXN-003542,CUST-00288,45.44,2024-03-28,North
TXN-001083,CUST-00322,90.40,2024-02-14,Central
TXN-003524,CUST-96061,98.40,2025-11-08,South
TXN-001339,CUST-00477,221.14,,North
TXN-000892,CUST-00414,1286.60,2025-10-22,North
TXN-000576,CUST-00500,90.39,2024-03-08,East
TXN-001742,CUST-00433,160.04,2024-04-22,North
TXN-002684,CUST-00420,1180.57,2024-01-16,North
TXN-004818,CUST-00248,1191.32,2025-08-06,South
TXN-004765,CUST-00487,177.63,2025-06-28,West
TXN-001761,CUST-00380,86.27,2024-07-06,Central
TXN-001211,CUST-00195,21.84,2025-11-04,East
TXN-003976,CUST-00193,82.84,2024-04-20,North
TXN-004523,CUST-00224,481.05,2025-09-19,West
TXN-001607,CUST-00338,45.01,2025-05-03,East
TXN-001600,CUST-00082,1231.67,2024-12-22,East
TXN-000828,CUST-00328,25.61,2025-04-20,East
TXN-000773,CUST-00400,94.60,2024-02-26,West
TXN-001274,CUST-00387,24.87,2024-06-18,North
TXN-004414,CUST-00070,25.62,2024-10-13,Central
TXN-004790,CUST-00414,104.87,2024-01-30,North
TXN-000379,CUST-00170,52.38,2025-12-03,South
TXN-002364,CUST-00437,251.50,2024-02-12,SOUTH
TXN-004714,CUST-00398,81.51,2025-01-28,Central
TXN-000215,CUST-00249,284.77,2024-06-20,West
TXN-002786,CUST-00463,92.11,2025-09-14,Central
TXN-004571,CUST-00303,74.32,2025-11-17,West
TXN-000224,CUST-00042,218.91,2025-12-17,West
TXN-000942,CUST-00112,858.04,2024-12-26,East
TXN-003665,CUST-00472,83.79,2024-06-16,Central
TXN-000593,CUST-00113,116.32,2024-06-16,Central
TXN-001602,CUST-00153,1112.60,2025-12-30,East
TXN-000372,CUST-00259,1205.19,2025-10-26, Central
TXN-001981,CUST-00129,552.37,2025-11-22,Central
TXN-001394,CUST-00121,104.41,2024-11-03,West
TXN-003548,CUST-00482,94.73,2024-05-21,West
TXN-000501,CUST-00464,491.65,2025-03-15,South
TXN-004742,CUST-00110,432.53,2024-10-13,South
TXN-004860,CUST-00460,75.64,2025-09-07,south
TXN-000577,CUST-00210,670.81,2025-12-11,North
TXN-003529,CUST-97138,38.02,2025-05-01,Central
TXN-000468,CUST-00420,1235.01,2025-08-15,North
TXN-001599,CUST-00481,198.20,2024-03-03,South
TXN-001196,CUST-00477,79.98,2024-11-10,North
TXN-001786,CUST-00176,710.25,2025-08-30,North
TXN-000672,CUST-00093,231.75,2025-09-24,South
TXN-003800,CUST-00083,411.08,2024-07-05,Central
TXN-002052,CUST-00420,44.28,2024-06-12,North
TXN-004062,CUST-00289,216.01,2024-12-03,North
TXN-004737,CUST-00475,20.10,2024-12-04,South
TXN-001666,CUST-00280,334.07,2024-06-27,West
TXN-000650,CUST-00324,429.26,2024-11-06,South
TXN-003700,CUST-00431,349.09,2024-02-26,North
TXN-004338,CUST-00093,53.30,2025-12-20,South
TXN-003611,CUST-00407,107.56,2025-01-08,South
TXN-001414,CUST-00121,464.38,2024-01-22,West
TXN-003783,CUST-00344,24.73,2025-08-30,East
TXN-000179,CUST-00129,37.15,2024-05-24,Central
TXN-000397,CUST-00010,42.41,2025-04-26,East
TXN-004919,CUST-00382,109.10,2025-11-28,East
TXN-003788,CUST-00259,1218.93,2025-12-29,Central
TXN-003355,CUST-00085,89.55,2025-02-18,West
TXN-002745,CUST-00102,646.59,2025-05-28,East
TXN-001518,CUST-00420,599.30,2025-11-05,North
TXN-004397,CUST-00136,432.89,2024-02-04,West
TXN-002643,CUST-00381,34.71,2024-07-27,Central
TXN-001379,CUST-00227,294.86,2024-08-04,CENTRAL
TXN-002407,CUST-00091,45.40,2024-02-20,Central
TXN-002168,CUST-00422,62.07,2025-01-28,North
TXN-003382,CUST-00219,496.62,2025-12-14,West
TXN-004956,CUST-00274,203.11,2024-04-16,North
TXN-001133,CUST-00252,513.74,2024-11-08,North
TXN-003929,CUST-00324,43.93,2024-08-05,South
TXN-004449,CUST-00082,40.10,2025-02-12,East
TXN-003216,CUST-00268,63.93,2025-04-15,West
TXN-003481,CUST-00283,207.71,2025-07-16,West
TXN-004261,CUST-00150,1137.11,2024-07-22,East 
TXN-001045,CUST-00476,644.55,2025-04-25,North
TXN-000202,CUST-00157,95.56,2024-02-13,North
TXN-000841,CUST-00085,37.68,2025-12-29,West
TXN-000186,CUST-00028,195.74,2024-06-10,East
TXN-001008,CUST-00211,250.07,2025-06-16,Central
TXN-001079,CUST-00132,38.03,2025-08-25,East
TXN-003451,CUST-00258,65.50,2024-01-06,North
TXN-002421,CUST-00323,222.52,2024-07-27,West
TXN-000128,CUST-00099,207.74,2024-02-03,Central
TXN-004855,CUST-00384,50.94,2025-12-08,South
TXN-004599,CUST-00414,1175.83,2024-11-26,North
TXN-001313,CUST-00496,86.65,2024-12-30,East
TXN-003075,CUST-00086,265.93,2024-09-28,West
TXN-003049,CUST-00284,99.84,2024-03-01,Central
TXN-003535,CUST-00214,75000.00,2024-03-21,South
TXN-004491,CUST-00432,900.50,2024-12-19,East
TXN-004528,CUST-00094,407.95,2024-01-11,Central
TXN-001683,CUST-00469,191.77,2024-08-02,Central
TXN-003439,CUST-00446,210.09,2024-12-07, West
TXN-004134,CUST-00417,136.28,2025-02-15,Central
TXN-004899,CUST-00304,1420.59,2025-08-10,North
TXN-000274,CUST-00083,436.00,23/12/2024,Central
TXN-003249,CUST-00173,43.97,2024-07-11,North
TXN-000680,CUST-00413,179.80,2024-09-11,South
TXN-002869,CUST-00108,20.80,2025-01-12,East
TXN-001825,CUST-00414,474.96,2025-10-21,North
TXN-001816,CUST-00299,134.93,2024-10-22,West
TXN-001252,CUST-00126,109.73,2024-03-06,Central
TXN-001678,CUST-00220,176.05,2024-12-02,Central
TXN-001763,CUST-00446,27.90,2025-10-04,West
TXN-003903,CUST-00449,126.29,2024-09-27,East
TXN-000019,CUST-00417,149.11,2024-01-12,Central
TXN-003378,CUST-00489,833.06,2025-09-23,East
TXN-001905,CUST-00414,381.87,2025-12-02,North
TXN-001273,CUST-00417,253.19,2025-06-04,Central
TXN-003637,CUST-00040,94.63,01/12/2024,North
TXN-004886,CUST-00420,1435.74,2025-07-01,North
TXN-001427,CUST-00161,213.81,2024-01-11,West
TXN-000791,CUST-00263,111.33,2024-09-07,North
TXN-004353,CUST-00224,99.20,2024-12-10,west
TXN-001225,CUST-00149,25.15,2024-12-20,Central
TXN-000085,CUST-00169,18.25,2025-10-11,North
TXN-000355,CUST-00338,113.84,2025-07-01,East
TXN-002747,CUST-00497,949.40,2025-03-21,North
TXN-004480,CUST-00105,1182.60,2025-05-29,North
TXN-004177,CUST-00190,521.26,2025-07-02,West
TXN-004328,CUST-00220,104.42,2024-04-18,Central
TXN-000290,cust-00103,29.57,2025-08-30,West
TXN-004557,CUST-00054,830.27,2024-11-08,S
TXN-000370,CUST-00182,39.44,2025-10-14,North
TXN-003994,CUST-00185,45.53,2024-06-27,North
TXN-000044,CUST-00021,900.22,2025-03-28,East
TXN-003226,CUST-00481,372.40,2025-03-09,South
TXN-002403,CUST-00226,77.20,2024-02-10,West
TXN-002651,CUST-00190,38.49,2025-11-14,W
TXN-001025,CUST-00105,79.72,2024-04-21,North
TXN-002873,CUST-00415,1151.62,2024-11-16,West
TXN-003452,CUST-00265,1365.63,2025-07-25,North
TXN-004303,CUST-00259,243.59,2025-09-04,Central
TXN-004119,CUST-00286,108.91,08/01/2025,West
TXN-001797,CUST-00490,104.02,2024-01-02,East
TXN-001764,CUST-00258,420.86,2024-02-02,North
TXN-002522,CUST-00085,774.50,2024-11-15,West
TXN-001947,CUST-00233,31.64,2024-10-20,S
TXN-002886,CUST-00091,34.15,2025-07-20,Central
TXN-001480,CUST-00369,24.13,2024-01-29,West
TXN-001364,CUST-00142,567.90,2025-03-28,Central
TXN-003300,CUST-00083,518.03,2025-12-08,Central
TXN-004110,CUST-00252,155.47,2024-09-03,North
TXN-003482,CUST-00093,23.70,2024-04-04,South
TXN-003435,CUST-00133,282.16,2024-01-20,Central
TXN-003824,CUST-00495,94.74,2024-09-11, South
TXN-002338,CUST-00167,312.94,2025-11-03,Central
TXN-003720,CUST-00126,106.43,2024-06-15,Central
TXN-002176,CUST-00273,72.63,2024-04-26,North
TXN-002524,CUST-00080,565.41,2025-11-08,South
TXN-001048,CUST-00170,209.91,,South
TXN-003662,CUST-00036,537.87,2025-01-26,South
TXN-000638,CUST-00083,207.66,2025-05-31,central
TXN-004222,CUST-00252,49.05,2025-04-24,North
TXN-004620,CUST-00054,152.45,2024-04-19,South
TXN-004667,CUST-00103,385.80,2024-02-06,West
TXN-003989,CUST-00383,73.31,2025-07-09,Central
TXN-004666,CUST-00181,260.81,2025-11-21,C
TXN-003934,CUST-00282,1437.20,2025-09-02,Central
TXN-001242,CUST-00262,78.73,2024-12-19,North
TXN-003396,CUST-00495,982.85,2024-01-17,South
TXN-001141,CUST-00191,49.49,2024-10-12,West
TXN-004295,CUST-00108,97.22,2024-08-30,East
TXN-000716,CUST-00391,17.03,2024-04-05,Central
TXN-004690,CUST-00113,66.57,2025-05-10,Central
TXN-003171,CUST-00045,979.21,2024-08-20,West
